id	rank	argument
0	0.7	To be as leader of information technology, it is very important to understand laws and restrictions related to privacy protection.
5	0.7333333333333333	Information privacy laws should be worded carefully in order to keep citizens safe without sacrificing safety
15	0.8823529411764706	Individuals do not have complete information to know how much personal sensitive information they are sharing and how it is used to give valid informed consent.
22	0.5333333333333333	Yes. The laws should allow us to protect personal information until the law is broken...and then information privacy rights are given up.
24	0.95	People's information should not be a currency. Governments have a responsibility to protect this information.
29	0.95	My data should belong to me. Companies should not be allowed to profit from my personal information without telling me.
52	0.85	As a user of all kind of offerings I'm demanding a certain level of protection. My credit card number or personal ID shouldn't be revealed to everybody.
79	0.5333333333333333	"As ""the enemy knows the system"" (Shannon) privacy is the major challenge in the times of quantum computing at its applications to cryptography"
97	0.4666666666666667	Technology and policy should support the maxim that information of a person is owned and controlled by that person. By what right do entities take that away?
98	0.3333333333333333	How can a company or an establishment use ones data without their permission for every use of any type., there is lot of loop holes if we do not get the steps.
133	0.8	Until there is full transparency and a bilateral agreement on how information will be used to benefit (or harm) each party, individuals should be protected by laws governing use
145	0.5294117647058824	People have the option of establishing security arrangements with any businesses that carry their information, thus alleviating the need for government involvement.
150	0.75	Privacy is a fundamental human right recognized in the UN Declaration of Human Rights.
168	0.6470588235294118	Limitations on data privacy will result in benefits to consumers opportunity to IBM since companies would require systems to manage the limitations.
182	0.9574468085106383	Information privacy laws improve our society because without them companies will continue to take advantage of our private information for unethical purposes.
184	0.7333333333333333	Lack of information privacy risks serious damage to people and enables vested actors to poach potential customers.
185	0.95	With the proliferation of social media and people willing to share private information freely without any thought of how it can be used, the strict privacy laws can act as safeguard and gatekeeper to the info.
194	0.8	Support privacy laws should be one of the most basic rights of any civilised society
196	0.6	Individual privacy ensured equals liberty for the people
207	0.85	An individual has one entity that is influenced and derived from a number of data points. Protection of these data points is as essential as the identity of the individual. Once broken, it cannot be replaced
215	0.6666666666666666	Privacy can not be comprised. It should be protected at any cost. Loss of privacy can result in financial loss. Also loss can cause harm to one's social status and reputation
256	0.8	Increasingly, companies are taking advantage of people by collecting data about them without their knowledge and consent and using it for their own profits.
282	0.8823529411764706	The more data collected on an individual the more risk for having their identity stolen. Strict laws are essential to reduce this risk and empower the individual to control their information and stop corporations profiling citizens.
299	0.8	Data is not created equal, its purpose not always clear at creation, its potential usage not always malicious. However, people are intelligent, naive, emotional, rational, gentle and hurtful. Privacy should protect the minority and the majority.
312	0.5882352941176471	Ineffective information laws can lead to segregation, standardization, & normalization of society causing citizens lives to become substantially directed due to the ever present nature of modern surveillance.
337	0.5	In stead of being a leader, the US is a laggard in regard to implementing regulations and the rights of users to maintain privacy and security of their personal information. I support these laws.
344	0.8666666666666667	52% of Americans are concerned about surveillance of their daily lives.
357	0.8	In times of IOT where one could envision a future of each individual having a digital bubble that she lives in, privacy is key to distinguish one from another.
361	0.7333333333333333	IBM should support privacy laws. Privacy laws will set a standard that can be met consistently with appropriate compliance and can simply how our customers see us as caretakers of their information.
422	0.4	"Some information collected on an individual may be used against them, merely on the basis of ""machine established"" correlation, without regards for actual causation: ""Jake likes chick Peas, People who do will likely commit tax Evasion."""
441	0.7647058823529411	The privacy of data is important in order to encourage people to share their data. This data can be used to do statistic work, therefore, improve healthcare and other government systems to prevent issues.
448	0.7333333333333333	In life there are certain information deem to be personal and private.
471	0.8823529411764706	People insufficiently grasp the importance of their privacy and hence give too much away making them possibly easy victims for companies to sell to or worse for hackers to attack them.
482	0.65	As an individual, I should have the choice what happens with my data
484	0.7959183673469388	Privacy is important and must be protected by the government.
500	0.8	Companies will exploit our personal data for their advantage and mint money, if data privacy laws are not put in place.
505	0.6	I support privacy laws because I believe that these are for my own good.
575	0.8823529411764706	Information privacy legislation is essential to protect the individuals, groups within society and nations from threats foreign and domestic. These threats are extensive from social and political liberties to physical security.
583	0.6666666666666666	Tendency is to have information and data privacy laws. If we do not get involved we will not be a good position to influence positive regulatory direction.
591	0.8666666666666667	Like a virus unseen to the naked eye and able to mutate to cause greater harm threats to personal data are largely unperceived by individuals at present and portend unforeseen future dangers. Privacy laws are vital.
643	0.6470588235294118	People will often sacrifice privacy for convenience without understanding the risks of having shared private information.
665	0.65	Some people are not overly sensitive about their information because primarily they are not aware of the impact so there should be some privacy laws to regulate their data.
678	0.5882352941176471	Data privacy will always be a showdown between technological advancement and privacy laws, we need advancements they consider data privacy
695	0.8	Our information is our own and organizations should surrender and destroy it upon request.
714	0.8	Data privacy is protection of the ownership relation I have on data describing/identifying myself, and crucially needed therefore.
722	1.0	We need to enforce privacy laws in all AI bot/systems built by companies/Government built using models/data from individual data to not result in discriminatory results to coerce, make political/ financial gain and control our choices.
732	0.4117647058823529	China is redefining capitalism and therefore freedom, while attacks from Russia threaten our ideals of democracy. We in Europe especially have to define and protect what it is to be both free and secure
752	0.4705882352941176	Unethical people throughout history have reached past what belonged to them to take the thing that belonged to their neighbor. We need to call a data overreach what it would have been called throughout history: Theft.
755	0.7647058823529411	It's difficult to imagine modern society without privacy laws - when everything is out there on the web, we're allowed to keep some elements of our privacy.
800	0.8666666666666667	Privacy laws can protect us from sensitive information leaking out and when properly implemented provides us with a way of determining how the information was leaked.
824	0.9	Privacy should be treated as a basic necessity
828	0.85	"Yes. Privacy data is so critical for protection, especially in light of the recent Facebook debacle. Individuals need to continually monitor and ""be an advocate"" for their information to ensure confidentiality."
839	0.8823529411764706	Information about a person should be ultimately owned by that person, and only that person should have the authority to say who else can have that information.
850	0.8	I support privacy policy as user would be able to use online services more freely as his personal data couldn't be misused and user could provide more honest answers.
863	0.85	Privacy should always remain a personal choice, it must forever remain a civil right of an individual. Violating this is equal to putting civilization to jeopardy.
888	0.55	Privacy law will be a focus topic in the next few years as so many data about individuals is collected and this would lead to manipulations of them.
903	0.7333333333333333	Privacy laws are critical to protect us in a world of aggressive commerical marketing
918	0.9333333333333332	The law should have provisions for everyone to be able to easier control what information is shared about them and to whom.
921	0.8666666666666667	Privacy is to be considered a basic right for all living beings. As we respect the right to live with dignity so is the right to privacy.
944	0.7333333333333333	Data reveals a lot more about the users than what they are aware about themselves. This can be used to exploit blind-spots &amp; influence/modify behaviors. So freedom of thought &amp; action is at stake.
959	0.9333333333333332	All personal information should have approval before it is shared.
991	0.6666666666666666	Democracies and cities must be safe. Cititzens have the rights to live without fear. Privacy and safety are two opposite forces. We must sacrify privacy if necessary to enforce security.
1012	1.0	while it is true that people share information willingly, they do not consent to selling their information. We need privacy laws to ensure that people give there consent.
1016	1.0	Our information belongs to us and should not be freely used to advertise at us. Laws are ultimately the only way to deter bad practice.
1024	0.6470588235294118	I am supporting stronger information and data privacy law to protect our data from companies abusing our data and information for political or financial gains.
1034	0.9	Several organizations routinely obtain personal information without assuring how that will be used and who will have access to it. We need clear and easy to understand regulations to ensure this assurance.
1044	0.8	Technology today allows anyone to monitor, watch, follow, and find out a lot about others. This puts people in a very vulnerable position, without knowing it.
1062	0.6	We can have all the privacy laws on the books but the challenge lies in enforcement, we must come up with better ways to enforce the laws we currently have.
1067	0.9583333333333334	Letting people choose what others know about them is important to mental well-being and personal autonomy.
1075	0.7058823529411765	US should fully support a GDPR-type law. There is too much potential for data misuse by both companies and individuals. Americans/US Residents should have same rights as Europeans to see/delete data
1081	0.8235294117647058	My personal information is analogous to my fingerprints or my DNA or blood tests. They are all MINE and I should be able to control how they are used.
1084	0.8	Privacy laws have potential to significantly impact marketing, helping remove people from unsolicited campaigns that waste time and annoy potential users.
1088	0.7333333333333333	Companies, by definition, cannot own information about individuals and thus cannot sell it.
1091	0.95	Data is becoming the biggest currency in today's world. Data is misused in many ways by cyber attackers specially for naive people that are unaware of cyber security. Privacy laws restricts data access to cyber attackers.
1117	0.85	Reaction to politically sensitive information has huge ramification hence protection is required.
1118	0.9	Big companies can take advantage of our data, and there is no repercussions for them if they leak our data.
1128	0.7333333333333333	"Like knowledge, data should be available to the world. But the only win-win solution is that the same is available if anonymized, so that we can all use the insights and ""stay safe""."
1142	0.75	Corporations cannot be trusted to keep our data safe, so they cannot be trusted to possess that data in the first place.
1183	0.7959183673469388	Data privacy is important to fight cybercriminals and other sort of evil doers
1198	0.7647058823529411	Authorized people may misuse the information privacy laws to a great extent so the implementation is of paramount importance.
1260	0.6	Reams of information is collected about people, that most don't even realize is being collected. Misuse is too easy and rampant. Without laws, companies will not put in the effort to protect people. IBM should lead.
1269	0.8	We need privacy laws as technology has evolved rapidly and laws have not kept pace with the evolution of technology and many companies sell customers data potentially in violation of 4th amendment
1274	0.8235294117647058	No political or commercial considerations should overwrite private ownership and control of personal information.
1283	0.9	Personal identification information is important prove identity. Therefore that information should be as secure as possible. Since significant portions of life is now being conducted on the internet there needs to be mechanisms so ensure privacy.
1300	0.95	Data privacy limits the degree to which malignant corporate and political interests can discriminate against disadvantaged groups and divide us against each other.
1338	0.95	Technology use grows in our homes, and along with that, the loss of privacy. The risks, of private information being breached and publicly shared, should be mitigated by privacy laws.
1341	0.55	The digital age has led to the panopticon. A free people cannot abide an all-observing, all-recording system.
1344	0.6666666666666666	The better the privacy law the better will be the privacy and less cyber risk exposure
1360	0.8	Information privacy laws are important. They keep us safe from malicious trolls on the internet.
1373	1.0	Data privacy laws will ensure every party treats personal data with a bigger sense of responsibility because of the punishable consequences. It will keep us conscious of our actions with data
1397	0.7333333333333333	Privacy is a fundamental right of every person and the laws should respect that. Without privacy laws, an individual can be subjected to unwanted harassment due to their personal choices and opinions.
1425	0.8235294117647058	Information privacy laws is of the essence since the rise of Artificial Intelligence makes possible someone to understand and gain knowledge of your personal life in great detail.
1479	0.65	Everybody has something to hide. This is why we have encryption, curtains, clothes.
1486	0.85	Personal identification information is important prove identity. Therefore that information should be as secure as possible. This is our fundamental right.
1487	0.9333333333333332	Information privacy laws will protect people from having their information abused and taken advantage of.
1524	0.95	Information is power; without laws to restrict its use, corporations mis-use data to our collective detriment.
1542	0.7333333333333333	Data Privacy is important as people should know what they are sharing with whom, they are entitled GDPR laws protecting them from misuse and provide proper compensation while making privacy a topmost priority for any company
1552	0.6	Privacy as long as we do not cross the already established social boundaries.
1557	0.6	"Personal data for which we don't think privacy is needed could become important to protect in an unpredictable future. It already happened in the past (e.g. having ""religion"" in a census form)."
1644	0.9333333333333332	Data Privacy is a fundamental right. No argument. Its urgent &amp; highly necessary with prevalent cyber threats, data piracy, identity theft and bias based on individual, gender, age and other information used for discriminatory decisions.
1669	0.95	Privacy laws must be enforced as companies and governments have proved they cannot be trusted. Time and again, personal information is employed to influence and spy on citizens without their consent.
1711	1.0	People should have control over what information they wish to share with others
1739	0.5333333333333333	We should not collect information we don't have the need to use. Given the advent of technology we are sitting on a information time bomb if not handled properly
1740	0.85	Private data is private and the owner must be aware and allow who would have access to this. Private data make us individuals, not groups or classes, so strong regulations must be implemented
1757	0.85	My data is my asset. Organisation that collects my data has an obligation to ensure my consent if it is used beyond the original purpose I understand at the point of collection.
1781	0.7333333333333333	Information security is important, however we need to see that the companies having access to our info are providing us a service, they profit making companies not charitable institutions. They need to keep us regularly informed.
1798	0.8823529411764706	Confidential bank information, medical history or likes & preferences of people should be governed by IP laws to ensure they are not made available to miscreants and misused in the wrong hands.
1823	0.8666666666666667	Because of the power and resource asymmetry between businesses, governments on one hand, and individuals on the other, only having privacy laws that are enforceable can permit individual data sharing with clarity.
1868	0.75	Privacy can be converted to profits. Companies collect data from users and convert them into billions of revenue. Protecting privacy is protecting the raw material that has value, like gas and coal.
1874	0.6	As important as laws protecting our privacy is the need for strong audit mechanisms
1896	0.8	Data Privacy is fundamentally divisive so strict control on implementation of data privacy laws is essential. Additionally, data privacy should be implemented through culture not laws
1969	0.5882352941176471	People often start ignoring people around for being active on social media.
1974	0.7	If you are against information privacy laws, then you should not object to having a publicly accessible microphone in your home that others can use to listen to your private conversations.
1980	0.9333333333333332	Data privacy should be a fundamental human right
1989	0.5882352941176471	In the past when you talked to your neighbor in the yard, kept your financial records on paper, and sent postcards telling of your vacations, information privacy laws could be minor, but those days are gone.
2033	0.85	We should give people control of their personal data. They should know what is stored about them but have the freedom to give companies the permission to expolre their data if they want.
2051	1.0	If we accept that people have a right to privacy then it follows that information privacy should also be protected by law.
2096	0.8	Information privacy is important, but there are criminal activities (from human trafficking to terrorism) behind online platforms - there must be a balance between privacy and security. We should not support laws that impact security.
2117	1.0	Our personal lives continue to create more personal data from the devices and services we interact with, and without strict policies in place, we are at risk of abuse.
2123	0.75	Privacy needs to be respected and governed come what may. But sharing data is individual choice. We need to educate people on what is confidential /non-confidential data. The non-confidential data can be used in commerce purpose
2129	0.29411764705882354	websites ask any question like preferred second language any question similarly & say website , stores this info for our benefit & will not use it / sell it etc etc. privacy is breached
2136	0.9333333333333332	Information and data is a powerful tool to use in the hunt for criminal and/or terrorist activities.
2171	0.85	Privacy restriction should be protected by not only technical but also law point of view
2209	0.65	Information privacy laws should be very thoughtful and should not be a burden on small and medium businesses
2219	0.8	Without regulation internet companies our bound to abuse our private data
2261	0.7	Information privacy law are there to protect the individual
2280	0.8	Few companies today have unfair advantage due to having a monopoly in their market. Privacy laws are needed to stop them from using this power unfairly.
2287	0.95	It is unethical to collect data from individuals without their consent and / or without providing clear, easily understood intentions of use for that data.
2310	0.85	Privacy Laws bring back power to the individual person. No commercialisation of the individual being !
2320	0.8	Data should not be used without the user's acceptance to generate revenue to third party companies
2342	0.8666666666666667	We should support a well-written set of information privacy laws. Privacy is a basic human right and should be protected. The laws should however be effectively implemented by government authorities.
2345	0.75	Democracies are build on transparency and trust. Sharing information provides transparency - securing information privacy builds trust.
2359	0.9	Information privacy laws protect people from undesirable targeted advertising, based on information gathered about past choices made.
2364	1.0	If limitations are not put in place, companies will be encouraged to gather as much information on individuals as possible in order to monetize it.
2367	0.62	Yes we should, current information model creates the sensation of being observed and manipulated on internet.
2405	0.9	If a person or company's information is freely shared, there is no control over how that information is used.
2440	0.6	Governments and businesses must be fully opt-in, transaction by transaction. All data should be purged at the click of a request, without impacting services received.
2473	0.7647058823529411	Since we live in an era where private information generally finds its way to electronic storage, we need privacy laws to offer protection that in the past was not needed.
2521	0.8235294117647058	With Hyper Integrated systems and privacy laws are very crucial to regulate the use of the private and personal data collected across various channels
2578	0.7333333333333333	Absolutely. It is critical that privacy is taken seriously and should not be monetized without consent and without making the individual aware on how the information could be used.
2588	0.9	Information Privacy Laws help to ensure that people wont have to be afraid of their personal information falling in to the wrong hands.
2599	0.8666666666666667	We can help enterprises to protect sensitive information
2610	0.8666666666666667	Privacy is an fundamental right of all humans. Privacy allow people to express their opinion with honest and combat totalitarianism. Therefore, we must protect it to protect our freedom.
2628	0.8	The sharing of our data between companies without our explicit consent to do so has the potential to propagate spam calls and with certain information harm to our livelihood.
2637	0.45	I study has shown that people whose privacy has been violated tend to commit suicide.
2638	0.9411764705882352	Private information about a person could be used to discriminate against their rights to things like jobs and health care, so it should be protected and revealed only on a need to know basis.
2641	1.0	The US needs to adopt data privacy laws similar to GPDR. With all the information collected and disseminated overtime, this represents opportunity to hackers to steal your identity, credit, even stalk you and terrorize you.
2651	0.7333333333333333	Information privacy laws are important to protect individuals
2666	0.8823529411764706	Data Privacy is a fundamental right. No argument. Its urgent & highly necessary with prevalent cyber threats, data piracy, identity theft and bias based on individual, gender, age and other information used for discriminatory decisions.
2670	0.65	Activity performed under a person's account is not necessarily that of that person's; without privacy, these actions may be erroneously tied to someone and affect how that are treated by organizations privy to the information.
2676	0.85	Any information that someone does NOT voluntarily share with other people SHOULD be protected.
2677	0.9333333333333332	The right of each individual about the disclosure and use of his personal data is a fundamental right in civilized countries.
2690	0.6666666666666666	Information privacy should be a basic human right, We need laws with expert insight (not ones naively created) to protect customers/users/people. IBM has that insight.
2718	0.7647058823529411	Albeit hindering the quality and extend of some on line services, privacy laws offer the partial empowerment to the individuals regarding the exploitation of their private life and behavior, which they should ultimately have.
2727	0.7058823529411765	Detailed review & analysis is required to build a framework which protects privacy & information whilst no hindrance in availability of information for rightful owners.
2739	0.6	65% of Americans say they should control what info is collected about them
2766	0.7333333333333333	All private data should be protected from being used for any kind of manipulation.
2779	1.0	Privacy laws are helping people feel safe using the internet, as now more and more people feel watched and get anxiety.
2794	1.0	"Information privacy is important to ensure that identity theft is minimised as the social media platforms share information across the ""sellers"" of products and services"
2807	0.7333333333333333	The European General Data Protection Regulation was implemented smoothly, showing that even a pretty extensive body of rules can easily be dealt with and will not bother the normal course of business.
2853	0.95	In today's digital age, extraordinary amount of information about us is available and accessible online. We need smart regulations to ensure that this is only made available to people on a need to know basis.
2882	0.95	Information privacy needs to be respected and protected. Strict laws need to be in place to protect information privacy to avoid it from being misused.
2916	0.4666666666666667	Do you want unscrupulous business people to know about the places you went for vacation with your family during last Christmas, so that they can monetize your family members? You are smart enough to understand.
2921	0.7333333333333333	Information privacy laws protect our clients and their clients all the way to the end-user or consumer.
2954	0.9	Privacy laws will make consumers trust the providers that adhere to the laws.
2956	0.7333333333333333	It might prevent companies from utilizing personal information for public interests as well as private ones.
2958	0.9333333333333332	Individuals should be the only one who are able to sell information about themselves.
2971	0.7647058823529411	Privacy laws ensure a more even playing field between IBM and its competitors. Otherwise, the high cost of strong privacy protection can be at odds with our desire to compete efficiently.
2996	0.6470588235294118	I do not see that the senior people in the technology companies have made all of their personal bank details public, so I can access their personal money. They expect privacy, so do I.
2997	0.6	Information requires context. Without context, the image of a person is distorted to what the holder of the information wants it to be.
3057	0.7647058823529411	"I know the counter argument is that you can just ""Opt-Out"", but can you? The companies you deal with generate so many attributes of data about you and share without your consent."
3080	0.95	Until companies can sufficiently protect customer data, privacy laws need to be in place to ensure companies value the personal data they collect.
3098	0.8	Information privacy laws ensure that governments, dictator types, people who are greedily seeking power from gaining information that they can use to negatively influence or to harm people.
3105	0.55	"Constitutions are in place to secure the blessings of ""Liberty"". Declarations of independence seek to establish individual rights and personal freedoms. Both support the sanctity of the right to be a free and private individual."
3120	0.9333333333333332	Strong information privacy laws will protect people by making sure internet companies do not misuse people's data
3155	0.95	Privacy laws prevents misuse of you personal information by unauthorized parties.
3175	0.6470588235294118	People's information handling process and privacy should be clearly identified to protect everyone confidentiel data and have easy and clear options to share the information and authorize access.
3188	0.6666666666666666	Privacy needs to be respected by enabling Trust in the digitally powered businesses and also to provide positive customer experience to the end-user through technology.
3205	0.95	Media, companies and individuals repeatedly demonstrate that they will exploit freedoms for their own purposes rather than with regard to the consequences to others, thus privacy laws become an essential protection.
3222	0.85	Information privacy is necessary to protect user information in the age of AI and targeted marketing. Without protections bad actors will use personal information to personalize advertisements that trick people to consume.
3245	0.7058823529411765	Sharing personal information is for specific purposes at the time I share that information. Further usage or sharing of that information in an ambiguous, unauthorised or misleading way mus be stopped & protected by privacy laws
3254	0.8	Personal information is a prized commodity for bad actors. If mishandled it can lead to a host of problems that can end in financial ruin and reputation loss. So data privacy practices should be strengthened.
3277	0.75	we lost the dataglobal MNC for various ways using the data it will be a diaster and threat to human life and humanity. As no ones how and who will use the data to hacker wish
3280	0.9411764705882352	Companies and authorities should be bounded by strict regulation to make sure they use the people's personal data in a governed way similar to what GDPR offers in Europe.
3300	0.8235294117647058	Privacy of information is a necessary condition for personal freedom.
3351	0.8	Privacy is necessary but to certain extent &amp; depends on context. If context is identifying anti social elements in society then government should have access to private datas to conduct due diligence to safeguard society.
3356	0.7333333333333333	Companies using data for financial gain have no incentive to be reasonable in the way they process and use data. So practices cannot be expected to change without imposed regulations.
3370	0.7	Laws are made for a reason and should be protected but unfortunately how much ever security is present, breach always happens and misused
3373	0.5882352941176471	Privacy info is one social and emotional value. When people share it with somebody, it means they have trusty relationship than others.
3374	0.75	For digital commons to be successful, users need to be sure that their submissions will be protected from malicious use
3409	0.8478260869565217	People who steal information are no different than those who steal physical objects and thus they should be punished if they break the law.
3427	0.6666666666666666	Will you feel happy if some third person is watching and recording your daily routines? Obviously, no. So, we should support information privacy laws.
3454	0.8	As human beings we all say and do things that are misinterpreted or that we simply didn't mean and thus we need protecting from ourselves through privacy laws.
3490	0.8235294117647058	In the digital age, it can be argued that information privacy is at least, if not more, important than traditional kinds of privacy. Ergo, the need for information privacy laws.
3495	0.8	In a democracy, a state must defend it's citizens from harm - either physical or digital, and privacy laws are one way of doing that.
3530	0.7647058823529411	People with bad intention cannot use the privacy to harm others. They need to know that police can track internet and check their behavior. This should block some misbehavior on most of them.
3546	0.8	In today's digital world, we share personal data frequently and we have no control over usage of those information we share. A strong privacy law will ensure data is not misused by any company or government.
3555	0.8666666666666667	Without privacy laws, anyone can easily be victim of identity theft and information can be used to damage individual's credibility at any extent.
3577	0.85	Privacy should be an individual's choice, not a luxury that companies can choose to provide or not provide on their sites.
3608	0.7	To say that you do not support information privacy is to say that you are comfortable with your medical history and your financial records being published on a public website.
3611	0.6666666666666666	The big social media platforms yield a disproportionate power over our data, and make no effort to explain the detail of how our data will be used, as a trade-off for providing the platform.
3634	0.8	The amount of personal information shared should be made at the individual's discretion. It would ideally be a currency only given to the most responsible of companies
3636	0.7333333333333333	in america we live in peace without government intervention in our beliefs. Privacy laws provide an assurance that corporate and governmental entities will not intrude on basic beliefs or values of its citizenry
3652	0.8	Personal information should not be widely available and is subject to misuse and hence privacy laws are needed
3657	0.8235294117647058	Information, especially personal, can be used to do so much within our society. This means that without protecting sensitive data, we are allowing any entity to access and affect our lives.
3665	0.9333333333333332	The power in data and information is immense. To much data and information, especially if it is from many different sources is dangerous in any hands.
3669	0.7647058823529411	I do not want companies to use my personal information for other than intended purpose
3695	0.8	information held about an individual is sacrosanct and should never be available to a third party without explicit agreement from the subject.
3707	0.8235294117647058	It is essential to have controlled boundaries on information that is private, left completely to the discretion of the individual to share. Privacy laws is helping cast a wider net to protect
3715	0.85	Privacy is the fundamental right of digital age. Privacy begets trust and trust is the foundation of all relationships. We need to be able to trust the the people/organizations/government and other entities that we interact with.
3733	0.8	Privacy laws are very important especially as we see populists and extremists taking the power in some countries.
3778	0.8823529411764706	Corporations cannot be trusted to protect sensitive personal information without w/o specific legislation and meaningful consequences.
3798	0.4705882352941176	While information privacy is important to everyone but the absence of it is feared mostly by the persons who always keep hidden agendas which is not in line with the law of land
3814	0.95	As technology and society evolve, our laws and regulations must also evolve. Technology is increasing the level of information exposure for every person on the planet, which requires additional protections.
3832	0.3333333333333333	In China, there are too many phone calls which is meaningless to me everyday. And some of these calls are from liers who is going to cheat money from poor people without telecommunication knowledge.
3852	0.5	Absolutely. Specially in country like India where our Mobile Phone number been sold to all possible ad agencies without our persmission and we get disturbing and time wasting calls all the time.
3884	0.85	Data is power, the lack of regulation exposes everyone to potentially harmful usage of personal information by bad actors.
3969	0.7058823529411765	"Information privacy laws are our way to make sure that ""the big brother"" is not ""allways watching"" us."
3979	0.4666666666666667	It is an era where real and virtual worlds converge,with digital storage of all our life events. Everyone leaving their digital footprints, which identifies them,unsecured.Thus invasive tracking of our lives is a requisite.
3981	0.6666666666666666	As we seek to benefit more and more from connected technologies, information privacy laws make it less and less profitable for those who seek to abuse our trust.
4026	0.7333333333333333	Social media operators have demonstrated their inability and unwillingless to take the techincal and policy actions required to protect users data.
4040	1.0	Better information privacy laws will increase people's confidence when using the internet, because they know the information they share is protected. Therefore information privacy laws increase the profitability of internet companies in the long run.
4051	0.5294117647058824	"Information privacy is a basic human right, use of private information should always be an ""opt in"" vs. ""opt out"" decision for consumer. Most consumers will still opt in for a $1 off coupon."
4068	0.8823529411764706	Every person has a right to privacy and the protection of their private data. Private data can be exploited to harm people.
4090	0.85	Currently, a huge amount of people's most important and personal data is online. The risks that arrive if this data is leaked or abused are huge, and must be guarded against.
4111	0.5	I honestly think that information should at least be ranked lieutenant at this point. Information has always been there for me throughout my life. You know what they say, information is knowledge and knowing is halfthebattle.
4130	1.0	Information privacy laws should be supported as a means of protecting users and preserving personal liberty.
4143	0.6	Without a proper security primer, especially without any more stringent cybersecurity laws and the management of information systems in the hands of political/capitalist environment, how is information privacy going to be put forward without compromising.
4157	0.8	Information privacy regulations often come late and thus don't take into account the actual technical possible remediation and users behavior, thus not properly addressing the issues while generating material constraints.
4164	0.7333333333333333	Privacy is paramount as history showed us that dictators could use some private information for massive killings.
4222	0.7058823529411765	My information is mine. It does not belong to anyone else. I should control who has access to my information. My right to privacy should not be erased because it is in a digital format.
4240	0.85	In the 18th century, Intellectual Property (IP) rights emerged as a response to the need to protect IP rights and encourage innovation. Similarly, today, we need strong privacy laws today to protect people's personal privacy.
4252	0.7058823529411765	It is in our interest to have the privacy laws, provided there is a suitable mechanism to oversee them.
4265	0.8666666666666667	The law should be transparent so everyone knows specifically what information is being shared and by whom.
4273	0.9333333333333332	Today, personal data in combination with social media outlets can be used to influence behavior, commercially and politically. This can do more harm than good, so strict information privacy laws are necessary.
4299	1.0	We should support information privacy laws that reasonably support a person's ability to select what, who, with whom and when their private information is shared. This will lead to increased trust in our critical online institutions.
4309	0.6	privacy laws in television is essential. Set top box shares information about what is watched, when and how Long . There is a possibility of raising the charges of most watched channels
4310	0.8235294117647058	With almost every industry going digital, It's utterly impossible to live without a privacy law. A stringent information privacy law will only pave way to more technological embrace. Technologies dealing in trust, like Blockchain will flourish.
4320	0.7333333333333333	Data privacy regulations protect the personal data that provides safety for the individual (criminal and every day retorsions-e.g. salary info disclosed- even at workplace)
4342	0.9	Your personal information is valuable and should be protected. It should not be taken freely or in an underhand manner
4350	0.85	A lot of information is requested by many companies for personal information when you subscribe to them, this needs to be controlled
4358	1.0	Personal information should remain in control of the individual, and any sharing should be done transparently to them and only with their agreement.
4380	0.95	Information privacy laws are important to protect people from discrimination based on their political viewpoint.
4393	0.4666666666666667	Technological companies influence has grown dramatically over the past decade. Their terms and conditions change sometimes several times a year and users are captive and unable to understand some implications. This begs for Checks and balances.
4394	0.4666666666666667	If you don't legislate data privacy, the markets will do it for you.
4407	0.6	We should, of course, observe the information privacy laws. But also, being a global company, we could do a good service by publicly comparing the best and the worst practices of such laws.
4429	0.55	Without observance to privacy laws, no solutions won't be recognized as adoptive.
4481	0.85	We need information privacy laws because they make sure that random people on the internet cant access our data.
4512	0.45	There are no more secrets, every thing is known about each and every human being and its online and being manipulated without your consent or control. You cannot be identified, you do not exist.
4522	0.75	There is no higher value than privacy and that should be key for all companies
4543	0.9411764705882352	Violation of information privacy may cause severe distress and even trauma. Government should protect the citizens from such violations.
4611	0.9411764705882352	We should have full ownership of our personal &amp; social information, views on various topics of interest, etc. Today, banks social media and internet service providers are violating our privacy rights.
4627	0.6666666666666666	Privacy laws are need of hour in digital world. Even government agencies should have restricted privacy info based on social needs. Parties involved in flouting laws for benefits, should be penalized to set examples for others.
4634	0.7333333333333333	Human life is information in its most essential terms. The physical aspects of life (health, genetic data) and the spiritual aspects of life (thoughts, ideology, religion) need to be protected by society through laws.
4671	0.7058823529411765	Privacy laws are an ellusion we like to keep, but in reality it's an empty promise - anyone who really want's to know our private detailes can easily get to it using technological means.
4672	0.7058823529411765	"It's been a decade since we first heard ""Data is a natural resource"". It's high time that we regulate it, else we'll soon have to deal with Data Pollution. We've seen early signs of it already!"
4712	0.9	Privacy is a fundamental right for each and every human being and enshrined in privacy laws. Without this, who and what would you trust? It is about respect for each every living human being.
4743	0.5333333333333333	Social media is there and we need it, therefore it is important to improve the privacy laws protecting us.
4751	0.7333333333333333	websites ask any question like preferred second language any question similarly &amp; say website , stores this info for our benefit &amp; will not use it / sell it etc etc. privacy is breached
4763	0.75	The current information privacy laws are not adequate to protect privacy. Supporting them would be promoting their negligence of postures that would better protect our rights to privacy.
4789	0.8	I think privacy is fundamental right of a person. exploiting the privacy of a person degrades him/her emotionally, it is also a crime. so there must be strict information privacy laws to protect one's information secret.
4808	0.8	Information is becoming the new gold. We must not allow companies to own that information. We already see today how irresponsible and selfish they use our data.
4847	0.8	Businesses that compile (often without clear consent of users) and use personal and financial information should be held responsible for their failures to adequately protect such information and when using such information improperly.
4886	0.5	By being a role model for information privacy law as a company we will create a advantages compared with companies that handle this topic less severe.
4896	0.8666666666666667	Data Privacy is a fundamental right of democracy .Whenever and wherever it has been violated the reasons were far from noble . Too much power in the hands of the rulers is not good
4943	0.7333333333333333	There must be a solid and clear legal framework defining boundaries, instead of easy to twist overarching principles. Information collection being part of our everyday life there is no reason why it should not be regulated.
4953	0.9	In my opinion, the most important reason to have privacy laws is less to restrict what companies do, but more just to inform the people whose data you're collecting what you intend to do with it.
4970	0.6666666666666666	Privacy laws should allow specific access by law enforcement to private information where there is proven evidence to support the need.
4983	0.65	Information privacy laws are supporting the human right to be forgotten
4994	0.4	it is not because information is online in a database that it should be considered available and reusable. Only the creator should be able to use it and share it.
5004	0.6666666666666666	data privacy should be a way to protect or digitization human extension on a way that third parties can not take advantage of our private information
5016	0.85	Information privacy and the security of personal data is vital in an electronically connected world. Rules beyond requirements and penalties for failure to protect information are needed, expanding to encryption and data security design requirements.
5050	0.7647058823529411	We must treat PI data as an asset belonging to the individual. Establishing chains of custody and revocation ensures control over that valuable asset. Violations equate to theft.
5117	1.0	Information privacy laws protect us against companies that sell our secrets in order to make money out of it.
5135	0.9333333333333332	Private information needs to be protected like ownership of property is legally protected. Private information is property as well.
5141	0.9	Information privacy is important as we add more and more technologies that capture personal information. Private thoughts, pictures, and other data should be owned by the individual and should not be shared to advertisers.
5159	0.7	Privacy laws with significant penalties will change corporate behaviour.
5166	0.8666666666666667	Information privacy rules are more important now than ever. Our personal data should only be used with our explicit consent for the purposes intended. We should be notified and compensated for any commercial usage.
5168	0.7058823529411765	Data reveals a lot more about the users than what they are aware about themselves. This can be used to exploit blind-spots & influence/modify behaviors. So freedom of thought & action is at stake.
5171	0.65	As long as the privacy of one person does not take away the democratic insight and transparency for others
5191	0.6	Information privacy laws increase the value of private information when disclosed, yielding increased economic potential for the use of private data in commercial activities
5205	0.7333333333333333	No commercial agreement should ever be subject to giving up your privacy.
5214	0.65	Just like one's passwords are encrypted and invisible to an organization's employees, data can be collected and encrypted until enough red flags are triggered. Privacy can be upheld from 'curious' eyes, while still monitoring potential dangers.
5237	0.8666666666666667	Consumers have the financial power to force enterprises to keep their information private and used only in cases where there is mutual advantage / benefit
5262	0.8	Without proper privacy laws our information is at the mercy of whatever service we use and in a digital age these services are near unavoidable.
5265	0.5882352941176471	We are sharing almost everything within the realms of social media these days and at the same-time we are expecting information privacy. Something is not making sense here.
5269	0.9333333333333332	Information is an asset; and like any asset, security measures are necessary to maintain its integrity.
5296	0.65	Absolutely!! That is the only way to regulate and bring sanity to the massive information overload that we live in today
5317	0.7333333333333333	I think information protection is vital. However, its vital we have more control over what information we share and we be informed what information is being shared before its shared.
5337	0.9	Fundamental to the human existence is the right to be let alone. Privacy underpins most modern human needs.
5353	0.9333333333333332	Information belongs to the user, so he/she should be the one decide what is given to who.
5363	0.7	At this age one should consider that everything they put online or give to companies will be public. It is individual's responsibility to control what kind of information he/she should disseminate.
5365	0.5333333333333333	"As the information grows so as the privacy laws growth. For example: ""your browsing history will tell you what kind of person you are"". So, digital discipline is must for global peace."
5398	0.45	Laws should enforce transparency of how public companies use data. What are the policies? What is being shared or sold? When and what is the nature of a breach or deviation from policies?
5432	0.6470588235294118	bad actors can steal your identity and money from you
5442	0.85	Yes. It's necessary that companies are responsible and feel responsible to protect the privacy to a certain level.
5452	0.5333333333333333	Privacy remains one of the challenges of mankind, keeping in mind that this has ever since the invention of language been a major concern of two or more parties.
5465	0.7333333333333333	With deliberate exposure of consumer involvement and analytics in the globally connected world of the present and future, Information and Data Privacy needs to be statutory and not a mere awareness campaign.
5474	0.65	Sharing personal information is for specific purposes at the time I share that information. Further usage or sharing of that information in an ambiguous, unauthorised or misleading way mus be stopped &amp; protected by privacy laws
5481	0.6666666666666666	Data is the new oil. Without Privacy laws the data can be used in multiple ways to even manipulate my choices even without my knowledge.
5502	0.6470588235294118	If data privacy can not be insured, people will not be willing to release private data, thus this will reduce the results of big data analytics
5537	0.6666666666666666	It's unfortunate that some commercial organisations, without effective regulations, will seek to maximise the value of individual's data and overreach. Checks and balances are needed.
5540	0.8333333333333334	Widespread collection of personal information puts people's privacy and security at risk.
5545	0.75	It is very important to safeguard sensitive information which in wrong hands can cause material or life loss.
5553	0.6	The Federal government is aware of many security vulnerabilities and exploits which they keep for themselves to do surveillance and espionage. They cannot be trusted to monitor public information.
5554	0.8	Markets alone have never proven effective at protection of the consumer, the scale is overwhelming and consumers have no adequate redress. Government regulation can scale protection in ways private solutions don't.
5562	1.0	Information privacy protects individuals from predatory business practices.
5583	0.8	We most surely need to protect information, in a logical, sensical manner.
5585	0.5882352941176471	If we fail to treat Personal Information data with the same protections as Watson training data, we are an organization of hypocrites. We require it of ourselves, and should demand it of others.
5594	0.95	We need privacy laws to prevent companies from abusing information that they collect from us
5606	0.9	Young adults make mistakes as part of their natural growth and privacy laws help protect them from damaging and unnecessary exposure whilst they do so.
5673	0.75	There is no reason for a business to hold on to personal information after their transaction has been completed
5679	0.9333333333333332	Yes provided legislation does not introduce loopholes which can be misused
5689	0.65	It is important that as a user of many different social platforms and a consumer both online and offline, my data is protected
5696	0.75	There is a balance between privacy and security. We live in a world of increased threat and law enforcement need tools to prevent bad actors from committing crime compliant to the constitution.
5700	0.85	We need democratic governments to lead in developing information privacy laws otherwise we risk bad governments misusing our information.
5702	0.65	as a company we won't get much credit or business from diverting from supporting information privacy laws this is one reason to support
5704	0.7	Any information derived from direct contact with someone or their digital record SHOULD be protected.
5757	0.75	No human being should be punished indefinitely for their mistakes and basic privacy law of the right to be forgotten is essential to allow them to move on.
5769	0.8823529411764706	We should have full ownership of our personal & social information, views on various topics of interest, etc. Today, banks social media and internet service providers are violating our privacy rights.
5831	0.85	Information Privacy laws protect information from being exploited by those that would do others harm.
5856	0.8	Greedy irresponsible near monopoly companies impose convoluted terms of service and provide anemic means , if any , for end users to control collection of personal information .
5858	0.7058823529411765	Information privacy laws are important to us to protect our lives.
5882	0.7	Appropriate information privacy laws are only an issue for those that have something to hide.
5885	0.45	we need to support the privacy laws the basic needs of the person like personal care, health records, choices, wishes and dreams and most Ideas to share, thinking process etc,.
5896	0.8	Every individual has the right to protect his/her own data
5900	0.85	Privacy is every person's right and laws protecting those rights are good.
5920	0.9411764705882352	Privacy is a reasonable expectation and courtesy humans have given to one another throughout history. New technology needs to align with this longstanding convention.
5929	0.6666666666666666	Yes I agree. Supporting such laws will only help to frame a better future.
5940	0.7333333333333333	In the name of privacy there are many bad people who do harm. For example people who use false identity to steal from others. So we need to be open and truth be told.
5968	0.8	Trust is the fabric of our society &amp; having information privacy laws helps secure our society.
5971	0.8666666666666667	Confidential bank information, medical history or likes &amp; preferences of people should be governed by IP laws to ensure they are not made available to miscreants and misused in the wrong hands.
6038	0.8	Facebook is in the news for violating its own privacy policy that it submitted to users. We need laws that insure swift and strict consequences to companies who sell the public a false sense of privacy.
6054	0.95	Unfettered access to people's data is espionage. This is the enemy of a free society.
6062	0.8	The right of privacy is fundamental to the human condition, something that everyone needs but seldom gets.
6102	0.85	If a company is not willing to openly say what they are going to do with my data, they shouldn't be allowed to do it.
6110	0.7333333333333333	There is certainly a need to restrict at every stage what the companies can know and what they should know.
6125	0.8666666666666667	Data Privacy is essential in a world of unbridled social media
6133	0.7	Service Providers can be transparent with how they use the data collected and if they betray their usage agreements suffer the business consequences of that breach of trust.
6152	0.5333333333333333	EU privacy laws seem to be a reasonable place to start since it is in place and already being exercised and debugged. The average computer user is not savvy enough to protect themselves adequately. Protection needed.
6196	0.9333333333333332	"An individual's ""Personal"" information ie; Social Security number, personal credit, investment, savings accounts, medical info. etc. must be protected by privacy laws and security to help deter the proliferation of identity theft."
6197	0.9333333333333332	One's personal information is fundamentally their own property and they should be enabled to understand how it is used and get their share of the profits it yields. Such change can only be brought by law.
6222	0.4	I would like to get a report of all apps, vendors etc who have my information, what info they have , how they have used it and how long they plan to maintain my data
6258	0.6	My personal information and websites I visit and products I purchase are no one's business but my own.
6262	0.7333333333333333	Yes, there should be information privacy law because everyone has the rights to secure their personal information and others must respect to it.
6311	0.8823529411764706	Privacy is a fundamental right for each and every human being and enshrined in privacy laws. Without this, who and what would you trust? It is about respect for each and every living human being.
6318	0.8	With all due respect, it's simply unimaginable to waive privacy laws these days - it's an integral part of our modern technological world.
6321	0.7333333333333333	Data privacy is an issue only when data is misused
6326	0.8823529411764706	Where laws are transparent and can be demonstrated for the common good, rather than the privileged few, they should be supported.
6336	0.85	You should always be made aware of what companies are doing with your data.
6371	0.6	The language delineating privacy policies are too complex for the general public. Government should create standard definitions of levels of privacy and educate the public of their implications. Then service providers can allow customers to opt-in.
6408	0.7647058823529411	Trust is the fabric of our society & having information privacy laws helps secure our society.
6416	0.8666666666666667	It is essential to protect and control private information in time of internet. Information privacy laws would play a major roll.
6442	0.8	Privacy laws have inherent loopholes in them, allowing expert hackers to use those loopholes to extract private information either way.
6444	0.6666666666666666	if your company sells privacy solutions, it should support the same policies for its employees.
