id	rank	argument
4	0.7058823529411765	With autonomous cars that have network capability, they could work as a swarm and drive more efficiently as a collective. Tighter gaps between cars and efficient lane switching. Traffic light co-ordination etc.
16	0.7647058823529411	No, we shoulden't stop development of autonomous cars, this development will reduce car accidents by taking out human error
23	0.6470588235294118	Mixing human and autonomous driven vehicles on the same thoroughfare may be unsafe, but segregating the autonomous driven vehicles in their own lanes might work well and help to drive adoption.
47	0.6	We should introduce communications among autonomous cars to follow social norms just as we humans do.
59	0.9333333333333332	According to the Center for Internet and Society at Stanford Law School, 90% of motor vehicle crashes are due at least in part to human error -- a factor self-driving cars can greatly reduce.
71	0.8333333333333334	Autonomous cars will allow people to use the time spent driving to be more productive in either work or personal tasks.
82	1.0	Many accidents caused by driver fatigue or inattention would be avoided if there was greater adoption of driverless cars.
93	0.9	Autonomous vehicles will alleviate transportation problems removing traffic jams in the big cities
112	0.4705882352941176	The amount of time people invest in driving vehicles could be used for more value add activities
127	0.4666666666666667	Thomas Edison would argue to continue autonomous car development since his spirit of perseverance is captured in his famous quote: “I have not failed. I've just found 10,000 ways that won't work.”
129	0.6666666666666666	Our AI is developed enough and can be further developed to ensure that it is better at predicting behaviour and responding quickly to developments on the road to be safer than people driving cars
134	0.8	autonomous cars will reduce pollution and help fight global warming
143	0.4117647058823529	Development in itself has little harm or risk
147	0.9333333333333332	There is no reason to stop the development of autonomous cars; this can only benefit the human race by enabling more transportation options for the elderly, kids, etc.
152	0.7647058823529411	Autonomous cars will save thousands or even millions lives because they will drive far more safely than humans.
163	0.9333333333333332	Cars are an obsolete means of transport and we should focus more on replacing them than improving them by focusing on production of a self-driving car.
175	0.5882352941176471	When autonomous driving is improved, it will eventually become much better than any human driver.
186	0.8	Autonomous cars will be of great help to people who have difficulty driving.
211	0.4117647058823529	We should not stop the development of autonomous cars because new things are good and I want to know what they will be like and what they can do
228	1.0	Autonomous cars will greatly help reduce traffic congestion in high density areas and traffic related collisions.
239	0.8	Autonomous vehicles can be designed to know their own limitations, whereas a study from NYU found that most human drivers rate their driving skills as above average.
248	0.9333333333333332	Autonomous cars can save parking areas since the cars can continue serving other passengers
260	0.8823529411764706	Those with disabilities affecting their ability to drive would no longer have to rely on others or public transportation.
263	0.7333333333333333	A world without traffic accidents or traffic jams is what autonomous vehicles will provide. Utopia!
270	0.7058823529411765	Human safety will inherently improve through iterative machine learning and much faster response rates than humans can provide. A new autonomous car will be safer than a teenage driver who is just starting to drive.
285	0.8666666666666667	Self-driving cars could reduce vehicle-related fatalities in the world
290	0.9333333333333332	Autonomous cars can potentially communicate with one another and create a safe driving environment decreasing accidents significantly.
305	0.6	Autonomous vehicles do not need to be perfect at driving, they just need to better than humans at it (which is a far easier task).
313	0.9411764705882352	Autonomous vehicles create safer roads and can eventually be programmed to make commuting by car 100% efficient (economically and environmentally). If you stop production, it will disrupt our passion to innovate.
330	0.8235294117647058	overall most car accidents are due to human errors. ergo autonomous cars would reduce the number of car accidents and casualities.
339	0.8666666666666667	Autonomous cars offer the mobility we crave with a persistent safety aspect to reduce the senseless deaths caused by impaired, distracted or tired drivers.
342	1.0	If we were to stop the development of autonomous cars, we would eliminate an avenue for potentially ending automotive homicide as we currently know it.
352	0.9333333333333332	Development of autonomous cars brings technologies that can be applied to current cars, making them safer and more friendly to the environment.
354	0.8235294117647058	Stopping the development of autonomous cars will harm the auto industry which is already investing heavily in this field.
408	0.8666666666666667	Self-driving cars will significantly decrease traffic accidents and reduce human death and injury, increasing the complexity of dealing with AI-driven job loss, and increasing the environmental costs of over-population.
419	0.6	Autonomous cars replace non-creative human activity, it should not be left to sloppy entrepreneurs, hence ample time and effort should be applied for proper development.
424	1.0	Autonomous cars improve the mobilty of disabled people.
430	0.7647058823529411	Autonomous cars will minimize human distraction risks so we should keep working on developing them
447	0.8	We must first improve the breadth and reliability of automated safety features such as auto braking, collision avoidance and smarter cruise control. Only after that should we proceed to develop autonomous cars.
451	0.4666666666666667	Inventions to make driving simpler and safer, for e.g., automatic transmission, are small steps towards autonomous cars that have been going on since the invention of the automobile.
528	0.8333333333333334	Autonomous Cars will provide independence for those that can not drive themselves, including the aging and people with disabilities.
538	0.9333333333333332	"If the ""Autonomous car"" can pass a driving test then it should be able to drive on the roads. Many human drivers have different knowledge and backgrounds and that does not impede them from driving"
556	0.7666666666666667	Autonomous cars mean that you will never have to teach a new driver, which means that you're never going to have the elevated number of accidents associated with someone who is just starting to drive.
570	0.7666666666666667	Most accidents happen because of human error, tiredness or distraction. Automatic cars will save ten of thousands of lives every year by eliminating those factors
582	0.8	The news is full of stories in which poor driver decisions, drivers falling asleep, etc. cause the loss of many human lives, and this can be addressed by autonomous cars.
600	0.9411764705882352	Currently there are large numbers of people who can't drive either due to disability or disease. Autonomous cars frees these people from being transportation deficient.
614	0.7647058823529411	Autonomous cars would save people time by improving the flow of traffic and allowing passengers to make phone calls, read, or catch up on work.
623	0.7058823529411765	The eventual benefit to mankind is worth the development effort
635	0.8	Autonomous cars prove to be quite efficient, and will become better over time - we must continue developing them to reach their full potential
647	0.8	Autonomous cars will eliminate drivers including those under the influence of alcohol or drugs.
651	0.7333333333333333	Lets face it, the machines are better at dealing with other machines, and machines dealing with cars are a lot better than people dealing with cars, so we need self-driving car.
658	0.4705882352941176	We don't have the right to stop development of technology. there is no ethical grounds for doing this.
711	0.7058823529411765	The technology needed to create a secure self driving car, will be used to advance security and efficiency on other areas.
738	0.9333333333333332	More testing is needed, but autonomous cars of future would not be distracted by a phone, take us to our destination when we are tired, sick, under an influence or are just a bad driver.
743	0.8	If we stop the development of autonomous cars, others over whom we have no control will continue the development, and we'll lose our competitive position
750	0.9333333333333332	Autonomous cars do not fall asleep, get intoxicated, or otherwise become unable to operate - addressing the leading causes of vehicular accidents.
751	0.6666666666666666	Autonomous cars will reduce the number of traffic fatalities.
754	0.4666666666666667	It is intrusive and unfair for the government to show preferential treatment for existing car manufacturers at the expense of companies legitimately developing autonomous cars.
760	0.6	We should not stop the development of autonomous cars, but we need proper assignment of responsibility to their makers, else safety will fall short.
771	0.5294117647058824	Autonomous cars will reduce the need for car parks in dense city areas
784	0.4117647058823529	The push to deliver autonomous cars is technology for technology's sake. We must first define what the problem is that we are trying to solve.
786	0.6666666666666666	There are financial incentives for rushing autonomous vehicles into production before they can operate safely in all plausible scenarios.
799	1.0	An autonomous car will be safer , it lowers risk of the driver's inattention or faulty behaviour
813	0.7333333333333333	Autonomous driving is at the beginning of its development and we should not stop it to learn more about pro and con of this technology.
834	1.0	Autonomous cars will actually increase the safety on the roads by keeping to a more uniform and less erratic and unpredictable set of human behaviors
838	0.9333333333333332	Autonomous vehicles will be a great convenience for busy people who need to work on the way to office.
851	0.6666666666666666	Since accidents in autonomous cars will be less frequent and are caused by manufacturers, not drivers, it will be the manufacturers, not the the insurance companies of individual people, who will have to pay out damages.
884	0.9333333333333332	Autonomous cars should be developed because they're going to be much safer than human drivers: They don't drink, they don't smoke, they don't sleep, they aren't distracted.
892	0.7666666666666667	Autonomous cars are good for personal productivity and mental health by freeing up the hours that people spend driving for self-care and work.
913	0.6666666666666666	Self-driving cars are less more efficient, requiring less labor, less pavement, and fewer cars.
939	0.8	Much like the 'space race', the development of autonomous cars will produce technology that can be applied to universally to solve other problems.
948	1.0	Autonomous cars may be safe and beneficial under certain well-defined conditions. They are not a solution to all transportation problems. They may solve some problems.
950	0.8666666666666667	Autonomous cars can help the authorities with fulfilling their role through regulation. Cars can be programmed to drive to the nearest hospital in case of an accident or to the police in case of a crime.
951	0.8235294117647058	autonomous vehicles can help streamline shipping and logistics as a human driver requires stops and sleep
980	0.7647058823529411	autonomous cars reduce drivers fatigue during long drives
997	0.7058823529411765	With autonomous cars, people mobility will no longer be impacted by their emotional and physical issues
1004	0.7058823529411765	Autonomous cars can reduce the traffic if used in a sincere, reliable and responsible way.
1017	0.8666666666666667	Of the 62 accidents in California involving self-driving cars in autonomous mode over the last four years, the autonomous vehicle was only responsible in one case.
1021	0.7666666666666667	machines are much cheaper than humans as they dont require a salary, and this would lower the price of driving services like taxis, public transport, etc
1028	0.6	Self driving cars will save the wasted time spent driving .
1033	0.8666666666666667	Autonomous cars will definitely help in solving some of our accidents and fatalities in car accidents. It should also improve our quality of life as hopefully it can also alleviate congestion on highways.
1041	0.9333333333333332	Self-driving cars can have their AI technology used as in assistive mode until it proves it can outpace the safety provided by human drivers, assisting and taking over in case of emergency situations.
1068	0.7333333333333333	Traffic, uncertainty, road conditions and suboptimal driving procedures make automobiles today harmful to the environment. The development of autonomous vehicles will reduce congestion, polution, and enable the faster move to alternate propulsion for sustainability benefits.
1072	0.8	Autonomous cars are safer than human drivers, they never get tired and are always alert.
1093	0.7333333333333333	Autonomous cars can serve the goal of women liberation in many countries where women are not allowed to or taught how to drive.
1094	0.9333333333333332	Humans are notoriously bad drivers so even if autonomous vehicles are not yet perfect, over time they can significantly improve accident rates, congestion, pollution, and reduce insurance costs.
1110	0.7666666666666667	Autonomous cars will significantly reduce overload due to traffic, congestion issues, pollution -- and most of all, they will be much safer on average than human drivers.
1130	0.6470588235294118	traffic is congested in many metro areas. Humans can use their brain for better task sitting in the car than traffic jam driving. Meanwhile Autonomous cars may handle drive safely
1135	0.7333333333333333	"Hands free driving cannot be ""distracted"", which is a leading cause of accidents in the United States at present"
1145	0.4666666666666667	We should continue the development of autonomous vehicles, but implement it in a public situation until there is no risk.
1172	0.7333333333333333	Development can only be of benefit, there is no reason not to try and work on autonomous cars (cautiously!), even if eventually it fails
1173	0.7333333333333333	autonomous cars allows you to work while driving, increasing your productivity.
1186	0.5333333333333333	Autonomous cars will finally end our dependency on taxi drivers
1204	0.7333333333333333	If all human drivers are replaced by autonomous vehicles, there will no longer be a need for traffic lights and other traffic management systems which add significant overhead to all driving.
1205	0.8	Self-driving cars gain driving wisdom in unison, and therefore break humanity’s continuous cycle of reintroducing dangerous novice drivers to the traffic mix.
1206	1.0	People will be able to drink alcohol in bars and go back in the autonomous car to their home without the risk of an accident
1208	0.8666666666666667	Fully autonomous vehicle capability may reduce the incidence of impaired driving by allowing vehicle owners/operators the ability to enjoy adult beverages safely while traveling in their own vehicle if society adapts laws accordingly.
1220	0.8666666666666667	If developed safely and with enough care, as is currently one with many car features today, autonomous cars can provide great benefits to society, industries and transportation.
1236	0.7333333333333333	Autonomous cars are going to affect humanity in a good way, and IBM should be a driving force in this industry
1243	0.8235294117647058	The predictability of autonomous cars will drastically reduce the number of deaths on the road.
1244	0.6470588235294118	We should not stop the development of autonomous cars but STOP SHORT of developing autonomous cars and develop augmentative cars.
1250	0.8333333333333334	Autonomous cars eliminate the risks associated with drunk or otherwise inebriated drivers, who are currently responsible for a lot of car accidents.
1259	0.9333333333333332	Traffic flow would be made much more efficient by autonomous vehicles.
1267	0.8823529411764706	Autonomous shuttles will allow for a more efficient usage of urban space and resources. Sharing autonomous vehicles allows to provide the same service with a fraction of the cars.
1271	0.7647058823529411	Autonomous cars will be soon safer compared to a human driver.
1293	0.8	Autonomous cars will drive much smoother and therefor produce less pollution
1330	0.7333333333333333	Autonomous cars will be safer than human driven vehicles. Additionally, they can coordinate to reduce traffic on roads, and speed up commute times for all vehicles.
1350	0.9411764705882352	Autonomous cars don't get tired, don't drink too much, aren't distracted by kids in the back seat, and the fact that they can't be distracted makes them much safer for everyone on the road.
1355	0.8666666666666667	Fully autonomous vehicles can revolutionize individual travel for long distance journeys, providing the once-heralded ease of train travel to individual users traveling on arbitrary routes.
1367	0.6666666666666666	Self-driving cars will greatly reduce serious accidents and deaths from driving
1371	0.6666666666666666	Communication between autonomous cars will reduce the number of traffic accidents.
1383	0.5294117647058824	we should not stop the development, but implementation until we do more testing and create regulation on upcomming issues.
1388	0.8666666666666667	The self-driving car will free the human driver to do other important tasks instead of driving and thus save valuable time.
1389	0.7058823529411765	According to the United States Department of Transportation, a human life is worth $9.2 million when insurance and healthcare costs are considered. Driverless cars would reduce vehicular deaths and bring these totals down.
1415	0.8	"Autonomous cars are safer because they rely on complex algorithms to determine appropriate driving behavior. Furthermore, they are not ""distracted"" by cellphones, nor do they speed or drive while tired or drunk!"
1421	0.8666666666666667	Autonomous vehicles do not have lapses of inattention that are the root cause of many accidents. Autonomous vehicles may not text while driving. They do not get intoxicated either.
1428	0.6666666666666666	Humans make mistakes when driving which cause fatalities. It is unlikely that autonomous cars will make more mistakes than humans.
1446	0.7058823529411765	Autonomous cars will result in fewer traffic jams since they will be better at driving and not move from lane to lane.
1467	0.7666666666666667	Use of autonomous cars will free up hours spent on commuting every day for work, studying or leisure. This will accumulate massively to more input into the economy and human welfare
1478	0.5294117647058824	With autonomous cars people do not need to buy a car. Each autonomous car will be your private bus.
1488	0.8	Autonomous cars will be able to communicate much more efficiently than human drivers, which will mean much less accidents and faster, more efficient traffic
1515	0.9333333333333332	Autonomous cars can increase productivity because people can work while commuting to work
1525	0.5882352941176471	Fully autonomous and autonomous are different and autonomous is over all safer via it's ability to communicate with the world around it, seeing and computing information that we cannot.
1532	0.7058823529411765	Autonomous cars will open the road to new communications and advertising channels
1554	0.8	Autonomous cars will eliminate human errors, and reduce the accident rate significantly
1555	0.8666666666666667	With driverless cars, overall fewer people will be killed and injured in accidents than are today with human-driven cars.
1558	0.7647058823529411	Like many technologies, autonomous cars could have a very specific role in society: transport sight-challenged, disabled or elderly people. Develop autonomous cars to be used with a special license and use augmentative cars for everyone else.
1572	0.8666666666666667	Autonomous cars will be more efficient, allowing the easy sharing of vehicles in a metropolitan area, also reducing miles driven, energy usage and pollution.
1589	0.9411764705882352	Autonomous cars can make highway traffic more efficient, reducing emissions and leading to a better environmental outcome.
1626	0.7647058823529411	Autonomous cars can make better judgment calls than humans
1638	0.6	Many drivers today simply do what their GPS app tell them to, so why not use self-driving cars to do the whole process
1657	0.7333333333333333	There are already autonomous cars capable of driving at high SAE levels and it's only a matter of time before they become good enough to take over from human.
1660	0.8235294117647058	"With autonomous vehicles, travel time can be productive or entertainment, whereas nowadays people spend a lot of time commuting which is ""wasted"" on the driving activity."
1682	0.6	Driving is dangerous for humans. Autonomous cars could make driving safer.
1687	0.7058823529411765	Autonomous cars will free up time to do other things such as reading, working, doing emails. This time freed up will improve productivity and our ability to learn more
1741	0.4705882352941176	we must continue working on it and test it in a very traffic complicated cities
1768	0.7	these cars will make traveling much easier and more enjoyable, as humans would not have to drive and could instead work, relax etc
1780	0.7647058823529411	The larger adoption of the autonomous cars will enable the overall harmonization of the traffic and the reduction of incidents
1789	0.9333333333333332	Autonomous cars will increase ride-sharing (which is good for the environment and individual costs) since they have the ability to plot out the most efficient routes involving multiple people in a way human car owners don't.
1809	0.9	Autonomous cars will have better reaction time and road prediction than humans do, which will make the roads safer and basically eliminate car accidents.
1845	0.35294117647058826	Stop developing means we will never be able to try it in real life.
1846	0.8	Technological progress is inevitable. We need ambitious goals, like developing autonomous cars, to inspire young people to pursue careers in technology so that our rate of progress can continue.
1862	0.9333333333333332	Autonomous cars can help us avoid car accidents and their resulting deaths. Cars are never tired, drunk, or use their cellphones, and they can calculate safe distance and speed accurately unlike humans.
1870	0.8666666666666667	Autonomous cars will actually help alleviate traffic and road clog by forcing all cars to maintain a consistent speed and prevent man-made problems with merging and road rage that cause traffic.
1902	0.5333333333333333	With an autonomous cars we will no longer need to make space for parking lots or structures, instead we will have an ever moving pool of vehicles to drive us.
1907	0.5882352941176471	No. One day with the appropriate and mature technology, the transportation by ground will be much safer than today, because the human error/imprudence will be dismissed.
1919	0.8235294117647058	Autonomous cars can help reduce traffic casualties because they drive much smarter than humans do
1921	0.6	Autonomous cars will drastically reduce number of accidents.
1925	0.17647058823529413	No because we don't have the power to do it.
1950	0.6	Autonomous vehicle systems such as automatic emergency braking and lane keep assist have already made driving much safer. It would thus be irrational to stop development of them.
1972	0.6666666666666666	autonomous cars reduce the need of parking spaces, making cities more beautiful
1979	0.7647058823529411	The development of self driving cars will eventually provide for more secure transportation.
1981	0.8666666666666667	With self-driving cars long-distance trips experience will change completely improving the quality of the journey.
1985	0.8666666666666667	Driving is, by far, the MOST dangerous activity a human will do in their lifetime. Autonomous cars can provide a safe mode of transportation and save the lives of motorists.
1991	0.6470588235294118	No - even if cars never become fully autonomous, we are seeing huge advances in technology in driver safety assist resulting in inproved safety.
2016	0.8666666666666667	Humans have sensory organs like eyes and ears in fixed locations, leading to blind spots, but an autonomous car can have 360-degree visibility.
2019	0.7333333333333333	Autonomous cars provide mobility also for those people who would not be able or allowed to drive anymore, such as senior citizens, people with disabilities, etc.
2020	0.6	Autonomous cars are likely to be cheaper to use in the long term than cars are today because you will not have to own one, encouraging people to use motorized transport and increasing pollution
2024	0.4666666666666667	If the &amp;quot;Autonomous car&amp;quot; can pass a driving test then it should be able to drive on the roads. Many human drivers have different knowledge and backgrounds and that does not impede them from driving
2025	0.8235294117647058	Autonomous cars are the future of transportation and as such development should not be stopped.
2057	0.8823529411764706	Autonomous cars will have faster reaction times than human drivers, leading to greater safety
2059	0.4705882352941176	Autonomous cars can have sensors that don't depend on light to detect obstacles
2061	0.7333333333333333	Autonomous cars will never get tired nor be influenced by drugs and alcohol, hence they will be safer than human controlled cars.
2080	0.9333333333333332	Autonomous cars provide the disabled, elderly, and otherwise unfit to drive, access to a mode of transportation otherwise unavailable. For many, owning a car is about freedom, and those marginalized groups deserve the same freedom.
2095	0.6666666666666666	self-driving cars don't get tired, angry, frustrated or drunk
2099	0.6	The technology for driverless cars will mature over time, similarly to many other technologies we use every day.
2101	0.9333333333333332	Why should we stop a technology like autonomous cars, that will inevitably save human lives?
2125	0.9333333333333332	Because autonomous cars are so much safer than human drivers, their widespread adoption could save over 40,000 lives in the United States alone each year.
2128	0.6666666666666666	Autonomous cars are going to happen. The scope can be contained to limit risks to the public, but their development is going to happen for the benefit of humanity.
2135	0.8	Using autonomous cars at closed campuses will encourage the use of public transport.
2143	0.8666666666666667	Autonomous cars will completely remove the need for insuring individual people, which will significantly decrease the cost of owning a car and create better access for people with less money or driving experience.
2179	0.8	One supposed benefit of self-driving cars, that commuters can use their time more productively, is already available in a more eco-friendly form by using mass transit.
2224	0.8666666666666667	Autonomous cars will result in less accidents since there will be no incidents of fatigue and alcohol consumption.
2236	0.6470588235294118	Usage of autonomous cars for transportation does not exclude the possibility of driving manually for leisure if you enjoy the activity.
2251	0.5294117647058824	Development of an automotive vehicle should not be stopped. It is possible to reduce the burden on a person driving a car as an occupation by automatic driving.
2255	0.7647058823529411	Self driving cars will require less roads and will use existing roads more efficiently, eliminating the ever growing need for infrastructure investments.
2274	0.8	There are no opportunities for a autonomous car to be distracted, which is a leading cause of accidents in the United States at present.
2276	0.6666666666666666	Autonomous cars can reduce the traffic because multiple people can share one car
2282	0.9	Autonomous cars are better for the environment because they can be programmed to go at the most fuel-efficient speeds and take other actions that decrease emissions.
2285	0.8823529411764706	Existing autonomous driving technology has already proven to be safer than human drivers.
2288	0.6666666666666666	I drive two hours per day at times I am sleepy, autonomous cars may well save my life.
2292	0.6470588235294118	autonomous cars will act as one connected transportation system as opposed to individual cars, trucks bikes, they will be aware of the fastest routes and keep pollution down
2298	0.8	Autonomous cars will be safer than human drivers.
2321	0.5666666666666667	Autonomous cars allow to work during the car ride, which thus lowers effective useless time during commuting and thus allows to move to the countryside and stops the negative impacts of urbanization.
2337	0.8	Although it will take years until autonomous cars, we still need to invest now to be prepared for the future.
2339	0.8823529411764706	Autonomous vehicles do not fall asleep, they do not get distracted by food, texting, or passengers, and they do not drive under the influence of alcohol or drugs.
2341	0.7333333333333333	Although autonomous cars are still not perfect, they are safer than human-driven cars.
2351	0.5333333333333333	We should only develop autonomous cars for use in very controlled environments where they will act as horizontal people movers.
2357	0.9333333333333332	Communication between autonomous cars will enable them to more efficiently plan traffic flow, thereby reducing congestion, reducing travel time, and saving energy.
2362	0.8666666666666667	Autonomous cars will allow people to do productive things during their commute, thereby allowing them more free time in a day with improved quality of life.
2366	0.6666666666666666	the autonomous car is a good idea to avoid jams
2370	0.6666666666666666	the autonomous cars will reduce the traffic with their efficiency.
2388	0.9333333333333332	Autonomous cars will be a significant contributor to solving the issue of greenhouse gas emissions and climate change.
2420	0.8823529411764706	Autonomous cars will follow driving rules hence avoiding accidents that are caused by the reckless driving behavior of some humans.
2425	0.6470588235294118	Humans alone, without relying on AI, cannot avoid the yearly 1 million fatal road accidents
2437	0.7647058823529411	Humans are unpredictable, distractible and many times lack emotional intelligence. They drink alcohol and rage and multi-task while operating killing machines. There would be far less maiming and fatalities with A.I. in the future.
2445	0.4705882352941176	We should develop autonomous busses and vans. Cars are too small and inefficient. They waste resources.
2472	0.35294117647058826	The current benchmark for autonomous cars is a guarantee of no injuries or fatalities, but in comparison we accept the risk of driving. Autonomous cars simply need to be better than human drivers to be justified.
2474	0.8	"Cars are not used for most of their ""life"", mainly being ""clutter"" on the sides of our roads, autonomous vehicles will need fewer cars, taking less space."
2490	0.17647058823529413	I think I should development of autonomous cars. Why do you think should stop.?
2492	0.7333333333333333	Trying to stop the development of autonomous cars is equivalent to trying to stop the development of regular cars 100 years ago. You cannot stop technological progress.
2508	0.8666666666666667	Trying to stop development of autonomous cars is akin to saying we should have stopped development of auto-pilots of airplanes, and we know how wildly successful that has been.
2561	0.5333333333333333	Autonomous cars have all human beings' capabilities plus advantages like never tired, faster reaction and further detection abilities. The arguable point is unexpected emergency handling which human being also have different results among different populations.
2570	0.8235294117647058	Autonomous cars will completely change our way of living because they will become a service rather than a possession, meaning that they can lower the total number of cars on the road lowering traffic jams.
2573	0.29411764705882354	Innovation forces change. Change is good. Please continue.
2593	0.9333333333333332	Self-driving cars could greatly reduce road deaths. 1.3 million people in the US die in road crashes each year. NPR reports that 94% of car crashes are caused by human error.
2602	0.5333333333333333	Autonomous cars will ease people and reduce traffic
2604	0.7666666666666667	Autonomous cars will allow elders to continue to move about safely even when their driving skills start deteriorating.
2645	0.9333333333333332	Self driving cars can reduce traffic accidents, which means there will be fewer deaths and injuries caused by these accidents.
2647	0.7058823529411765	Driverless cars will be on the UKs roads by 2021, the Transport Secretary hailed the potential benefits for the elderly, disabled and general public and described the arrival of the autonomous era as tremendously exciting.
2655	0.8666666666666667	Self-driving cars will make less errors than humans do when driving.
2657	0.8666666666666667	Autonomous vehicles can be programmed for optimal driving conditions therefore reducing pollution and enabling a more sustainable society
2664	1.0	Autonomous cars allow us to be less distracted from the traffic and congested roads. Therefore, we should promote the development of autonomous cars.
2694	0.6470588235294118	Drivers spend an average of 90 hours a year searching for parking. Autonomous cars can drop you at the destination and go park themselves
2697	0.4117647058823529	Humans live because they kept evolving intune with the times there no stopping. Its just we need to get accustomed to THE NEW. Help mankind get ridof accidents saving lives and finally EVOLVE the LEVEL NEXT
2711	0.6666666666666666	Self-driving cars could reduce vehicle-related fatalities
2748	0.5294117647058824	The car industry has not changed for 100 years. It is about time for a change. Autonomous cars will revolutionize transportation.
2755	0.8235294117647058	It will support car pooling, remove the need for person driven taxis and reduce greenhouse emissions
2761	0.6666666666666666	We are used to trust human drivers, but surely their errors are not fewer or less problematic than those expected by autonomous cars
2782	0.7058823529411765	Autonomous cars will reduce the number of cars on the road and reduce the traffic jam by coordinating with each other in real time
2792	0.8	autonomous cars open the door to general technological improvements, including green technologies
2796	0.7647058823529411	When finally developed, autonomous cars will provide seniors with mobility even after turning over their drivers license
2831	0.7	The research and development of autonomous cars creates hundreds of jobs at every level of education (from higher educated scientists and engineers to less educated factory workers).
2857	0.7647058823529411	Any experimentation and R&D is worthwhile based on the opportunity to learn what works and what doesn't work. Perhaps autonomous cars may fail but the research may give way to autonomously driven boats or forklifts.
2889	0.8666666666666667	Having only autonomous cars are the road will greatly improve safety and reduce the number of fatalities, taking the human element out of the equation.
2892	0.8666666666666667	As long as human kind exist in this world, there is need for transportation, however having autonomous vehicle would let human to spend time on gaining new skills beyond just driving.
2897	0.8	Development of autonomous cars should not be stopped because the solutions developed can provide broader benefits even if the current view of autonomous cars proves too dangerous.
2913	0.7333333333333333	Driving continues to be one of the highest risk activity that one performs on a daily basis and autonomous car can save time/money wasted in commuting and traffic policing.
2934	0.7647058823529411	Car accidents are happening everyday everywhere. If we have the possibility to figure out a way to make less damage. We should give it a try.
2937	1.0	Autonomous cars don't drive aggresively. 66% of traffic fatalities are caused by aggressive driving. Speeding, which accounts for 33% of all traffic-related deaths, is also the most common aggressive driving behavior.
2947	0.7333333333333333	Eventually autonomous cars will be the safest cars on the road, saving lives and reducing traffic congestion.
2981	0.8666666666666667	Autonomous cars will free people from the need to drive and allow them to pursue more valuable activities.
2982	0.8235294117647058	Machines can process information at a much faster pace, and they don't get impaired like humans.
2990	0.6666666666666666	Wide acceptance of self driving cars will allow people give up personal cars and switch to public transportation service
3033	0.4117647058823529	the is no way to stop the advancement of technology so we should continue developing
3039	0.4	are you crazy? self driving cars will increase road safety if we get it right.
3053	0.8666666666666667	Autonomous cars will also enable hitherto disadvantaged sections of the population -- the young, the elderly, the disabled, and the variously unsupported -- to realize the full potential of their capabilities.
3075	0.8333333333333334	Autonomous cars will reduce fatalities as they will be better than drunk drivers
3077	0.8666666666666667	Autonomous cars can run in clusters, and thus save energy and increase the throughput on our roads.
3082	0.8	Autonomous cars will be able to drive much closer together, making traffic move much smoother and lessening traffic jams.
3092	0.5333333333333333	Cars are not used for most of their &amp;quot;life&amp;quot;, mainly being &amp;quot;clutter&amp;quot; on the sides of our roads, autonomous vehicles will need fewer cars, taking less space.
3109	0.6666666666666666	The safety of autonomous cars will be less of an issue as the infrastructure and technology evolve.
3113	0.8666666666666667	Autonomous vehicles for shipping can provide real-time shipment tracking safely as there is no driver privacy involved, nor is there information about a vehicle at rest (when it is most prone to content theft).
3138	0.6666666666666666	when autonomous cars cause the prices of driving services to decrease, this could mean more people opting for car sharing, taxis, instead of buying a car, thus reducing the amount of cars on the road
3139	0.7647058823529411	There would be less traffic and fewer accidents if we had self-driving cars, because human error causes so many problems.
3141	0.7333333333333333	Since we can work during our drive in an autonomous car they increase productivity and stimulate vast economic growth.
3151	0.8	Autonomous vehicle will ameliorate the harm caused by car accidents.
3176	0.8235294117647058	Autonomous cars haven't proven their full capabilities yet, and must be further developed to fulfill their potential
3207	1.0	Several companies have performed autonomous driving tests for hundreds of thousands of miles with extremely less accident rate proving that this technology is here to stay.
3213	0.8	Autonomous cars decrease the cost of maintaining a car by making driving more energy efficient and so decreasing the amount of money that needs to be spent on gas
3233	0.6470588235294118	AI is cleverer than human beings. AI can do better what people can do.
3236	0.8	Autonomous car will revolutionize the human life. Cars can be shared and we don't need have a large parking space, not to mention lower ownership cost and statistically safer environment.
3267	0.9411764705882352	Autonomous cars are an important technology to improve safety on the road
3273	0.7	autonomous cars will reduce the price of overall products when their delivery and shipping cost decreases
3291	0.8	Using autonomous cars with better communication technology we can eradicate lights at junctions in favour of free-flowing traffic, eradicating many queues and reducing environmental impact of cars.
3298	0.3333333333333333	we should invest the effort in creating road infrastructure that will make autonomous cars trivial to implement
3336	0.6	Drivers admitted failure to report collisions at 29%. Therefore, flipping the switch on autonomous cars would achieve 0% improvement in reported crashes - actually a 29% decrease.
3348	0.9	Unlike human driving, self-driving cars have endless potential for technological improvement that will make them more energy efficient, safer, and more comfortable.
3364	0.9333333333333332	Autonomous cars will reduce the need for people to own cars, therefore will reduce the number of cars globally, and reduce pollution
3379	0.6470588235294118	While driving, atonomous cars enable humans to focus on more important things, that the act of driving itself.
3382	0.7647058823529411	Autonomous vehicles respect the rules by default. They don't speed, respect traffic lights and stops.
3384	0.4705882352941176	"The sensors in the car have a better field of view. They can be placed so that there are not dead angles, it can see ""all around"" all the time"
3388	0.7666666666666667	Autonomous cars will enable car sharing when unused. This will mean much less cars will be needed, and so much less traffic, pollution, wasted space on parking spots and cost for consumers
3401	0.4705882352941176	it will allow to completely renew the design of vehicles and our experience of transportation
3402	0.6470588235294118	Autonomous cars would improve the flow of traffic on roads, giving humans more time to focus on other things in their day. This would be positive, stopping the millions and millions of hours spent commuting everyday
3421	0.6333333333333333	So long as people can override the cars mechanically the amount of damage that can be done by autonomous vehicles is very low
3433	0.7333333333333333	Humans are terrible drivers, inattentive and inexact in our usage, whilst self-driving cars will be far more reliable.
3443	0.8666666666666667	Many technical advances required by autonomous cars may also make human-driven cars safer.
3460	0.6666666666666666	I waste a lot of time on my commute every day. I wish I had an autonomous car to give me back several hours a week that I could use for other things.
3462	0.8333333333333334	Autonomous cars make deliverable goods cheaper by eliminating the costs of paying a driver.
3463	1.0	Autonomous cars will eventually be able to reduce accident rates and associated human injuries and deaths.
3470	0.8666666666666667	Autonomous cars allows old people, kids, teenager and handicapped people to be mobile and thus extend their quality of life.
3496	0.8	while it is true that self-driving cars don’t get distracted, it is also true they cannot react to ambiguous situations with the same ability of humans which means the two need to work together
3502	0.8	Autonomous vehicles will respect speed limits and guarantee safety in any single moment.
3511	0.5882352941176471	Current autonomous car investment is an incremental fix to the travel problem. Investment in alternative means of travel (or travel avoidance) should be part of the agenda.
3517	0.9411764705882352	Autonomous cars will save energy since they can be more efficiently controlled for speed, acceleration and braking
3541	0.8	Autonomous cars will help to reduce traffic jams, accidents caused by human misjudgements and will make travelling by car more relaxing overall.
3557	0.5882352941176471	Humans get itchy. They scratch those itches while driving. Scratching while driving can distract from safety concerns.
3558	1.0	Humans often perceive their ability to be higher than it truly is and thus behave dangerously while driving because they think they are especially good drivers; autonomous vehicle has an accurate perception of its abilities.
3574	0.7647058823529411	Autonomous car is useful for handicapped people. We need it for such kind of people.
3581	0.8	Autonomous cars have already demonstrated a lower risk of accidents than human drivers in real world conditions.
3597	0.8	It's clear that auto drivers will result in less casualties, since most accidents are from human mistakes.
3600	1.0	Autonomous cars will give people who are blind a great expansion in independence and quality of life.
3601	0.7058823529411765	"Improvements on autonomous cars can be deployed in real time to all the fleet. They can all ""learn"" at the same time and spread that knowledge."
3660	0.8666666666666667	Research into the development of fully autonomous vehicles will invariably produce breakthroughs in sensor technology, machine vision, and other related domains that will find application in other fields benefitting society.
3664	0.9333333333333332	Even only 5% of autonomous vehicles could have a significant impact in eliminating waste and reducing the total fuel consumption by up to 40%.
3682	0.9333333333333332	Autonomous vehicles have the potential to enhance the mobility and independence of the disabled and elderly populations.
3685	0.8666666666666667	Autonomous cars will reduce pollution, reduce congestion and provide better value for money and transportation.
3692	0.7333333333333333	Autonomous cars will reduce number of accidents since most accidents are due to a human error.
3704	0.7058823529411765	No. It will enable car sharing schemes removing the amount of cars on the roads, bring better urban living conditions.
3722	0.8823529411764706	Autonomous cars will increase safety on the road because the speed by which a computer can react to a unsafe situation is faster than a human.
3770	0.35294117647058826	We can't stop development totally, somebody will develop them nevertheless. So we just need to develop well.
3799	0.7647058823529411	Both Consumer and commercials vehicle are significantly under utilised and ill-utilised as a means to travel or transport goods. Traffic congestion, time and costs could be significantly reduced through a network of autonomous vehicles.
3801	0.7	An &amp;quot;Autonomous vehicle&amp;quot; has an array of sensors and processing a computing system have capabilities beyond ones of humans. The ethical components are edge cases not caused by AI but rather humans driving causing issues
3808	0.5333333333333333	Autonomous vehicles to replace truckers and cab drivers will allow us to scale to a smaller number of humans making society more sustainable.
3810	0.7058823529411765	Stopping development of autonomous cars will cost lives due to human errors in the future.
3815	0.8666666666666667	Autonomous cars are much safer than human drivers in some situations
3819	0.6666666666666666	We should not stop the development of autonomous cars rather we should strive to make each and every car autonomous.
3824	0.8	In 2015, motor vehicle accidents were the second leading cause among accidental deaths in the US. Motor vehicle accidents accounted for 35K deaths. Self-driving cars, especially if deployed en masse, can prevent many deaths.
3826	0.5294117647058824	Stopping the development of such an important technology would be like stopping the development of transportation itself. It would be a violence against human ingenuity and spirit like robbing the world of joy.
3846	0.6	Autonomous cars will never make accident because of being tired or drunk
3847	0.7333333333333333	Self-driving cars could be programmed to drive very efficiently, helping the environment.
3851	0.8666666666666667	Autonomous cars will enable travel options for the young, old and impaired that are currently not avaialable.
3853	0.8	It has never been possible to stop the development of high-level technologies in a free-market society. Autonomous vehicle development will continue to have direct (safety, ease of use) benefits as well as indirect ones (AIsystemimprovements)thatwilldrivethemarket
3862	0.8666666666666667	In the future all cars will need to be Autonomous Car as this is the only way that we will be able cope with the traffic levels on our roads
3867	1.0	Machines are just better than humans at executing algorithmic tasks, such as driving. As a consequence, autonomous cars will perform better than human drivers.
3880	0.6666666666666666	As autonomous cars would communicate with each other, roads will be more utilized and transport more cars.
3895	0.9333333333333332	While they may not be ready for general use, autonomous vehicles are a promising technology and development should be allowed to continue.
3900	0.6666666666666666	Autonomous cars can save a lot of money because taxis will not require drivers
3924	0.7	Autonomous cars are safer because they rely on complex algorithms to determine appropriate driving behavior. Furthermore, they are not &amp;quot;distracted&amp;quot; by cellphones, nor do they speed or drive while tired or drunk!
3926	0.8666666666666667	It is estimated that 81 percent of car crashes are the result of human error, thus autonomous cars would take a lot of danger out of the roads.
3928	0.7333333333333333	Autonomous cars will allow drivers to use their time more productively.
3952	0.9333333333333332	Driverless cars are likely to improve with use and over time, so if developed, the technology will likely be safer than humans in the future.
3960	0.35294117647058826	Not supporting autonomous cars is having the will to reverse the progress of all humanity to levels prior to the Bronze Age. Man must seek happiness even if it leads to its elimination by sock-shaped-mutan-alien.
3965	0.7647058823529411	Autonomous vehicles will make the roads safer as a vehicle will have more sensors than a human.
3978	0.7647058823529411	Millions of motor vehicle accidents occur every year, killing tens of thousands of people in the US alone because of mistakes that autonomous cars won't make.
4055	0.6666666666666666	Because human drivers make mistakes too, autonomous driving by AI will eventually become better than human drivers.
4074	0.6	If autonomous cars were mandatory, they could prevent reckless driving.
4080	0.9411764705882352	Autonomous cars can capture so many signals and process them so much faster than humans, they are the future
4082	0.8	Autonomous vehicles will be transformative for the shipping industry and have large scale impacts on delivery costs that will benefit consumers.
4092	0.7058823529411765	Any problems discovered in autonomous cars can be fixed over time, leading to improvements in our country's technology.
4134	0.5882352941176471	The benefits to industry, supply chains and to families wanting to get greater mobility to educate and better themselves is so significant, that developing a solution that is safe, secure, scalable is imperative.
4146	0.8	A connected car extends the eyes of the driver to have a holistic view towards the destination, thus supporting and bringing safety to autonomous cars supervised by human drivers
4166	0.7647058823529411	Ongoing global growth of car usage is unsustainable, with far reaching consequences to the environment, health (mental as wells as physical) and safety. Our planet needs to optimise travel, autonomous cars is a major step forward.
4171	0.8	Autonomous cars will result in improved traffic flow since cars at traffic lights will be able to move forward simultaneously.
4177	0.5882352941176471	We should not stop development of autonomous cars. Because it will change human life to live longer. For example, elders may not be able to go to hospital but car with hospital can come to them.
4194	0.8	Autonomous cars should be developed to provide immediate transportation access to people who would otherwise not have it, such as the elderly, infirm, disabled, children, etc.
4196	0.8	90% of traffic accidents are due (at least partially) to human error. Traffic accidents are a mayor death cause. Autonomous cars will make those number drop drastically.
4229	0.9411764705882352	Drunk driving accidents would no longer occur, saving thousands of innocent lives.
4230	0.8	if we will have self-driving car we wont need to park the car it will go parking by it self.
4233	0.9411764705882352	in 2010, 81% of the 5.5 million car accidents in the US were caused by human error. Autonomous cars can lead to a massive reduction in traffic accidents, injuries, and deaths.
4254	0.8	Autonomous cars will enable people who cannot otherwise drive, such as those with medical disabilities, to get around and make more things accessible for them.
4270	0.8666666666666667	autonomous cars will increase national security by allowing the state to better monitor the roads
4296	0.4	Autonomous cars should not be rolled out prematurely, but development should not be stopped.
4318	0.5333333333333333	For the implementation of autonomous cars to be safe the risk must be less than that of a human being driving.
4326	0.8235294117647058	Autonomous driving is safer than every other form of driving, because machines can't be mistaken, if programmed correctly.
4328	0.8666666666666667	Autonomous cars will bring remedy to spatial problems in cities. They will simplify car sharing such that the need for parking lots will be decreased substantially.
4329	0.6	Self-driving cars would be safer because they remove the human element, which is prone to make mistakes caused by distractions and just plain laziness.
4334	0.7333333333333333	Autonomous cars free up the time drivers would normally spend and allow them do focus on work, increasing productivity
4346	0.6	Autonomous cars remove the arbitrary practice of speeding tickets by ending the practice of speeding.
4355	0.9411764705882352	Autonomous cars increase transport accessibility and comfort, allowing people to travel without the need of a driver license while being able to interact with other passengers
4378	0.8666666666666667	Autonomous cars will make independence possible for the elderly, and people with disabilities such as blindness.
4398	0.6470588235294118	To reap the benefits of reduced traffic and accidents, driverless cars need to be widely adopted. Even a mixture of regular cars and driverless cars will not achieve much, if any, reduction in accident statistics.
4403	0.9333333333333332	The technology behind autonomous cars will also facilitate better public transit, through better buses, shared taxis, and routes that can change to adapt to demand, which will reduce the number of single-person car trips.
4406	0.7666666666666667	Autonomous cars are a great means of transportation for many disabled people who cannot drive themselves. This inability today limits their socioeconomic mobility greatly.
4416	0.7058823529411765	"The computer of the autonomous car is reliable, predictable, it doesn't get drunk, stressed, medicated or distracted. Computers don't ""have a bad day""."
4436	0.8235294117647058	autonomous cars can mitigate against human error caused by a typical driver
4442	0.7333333333333333	autonomous car let you have all your travel time available for improving yourself by reading, listening or viewing educational content while driving cannot allows it
4470	1.0	Autonomous cars will greatly expand the freedom of elderly people who are too old to drive cars by themselves.
4474	0.6666666666666666	Autonomous cars will reduce congestion since people will need to look less for parking spaces
4478	0.9333333333333332	Self-driving cars will reduce the number of car accidents, as it eliminates problems such as tiredness, drunk drivers, aggressive driving, etc.
4495	0.7	We should not stop the development of autonomous cars because it will be more ecological, for example less people will own cars.
4518	0.7058823529411765	Autonomous cars will eventually eliminate the weakest and most error prone element in the current automobile - the human
4536	0.8	When roads are full of autonomous vehicles, machines will be able to communicate with each other seamlessly, so driving will become more efficient and safer for everyone.
4539	0.5882352941176471	Dont stop. Tech can get better with time. Dont deploy till its better than a human
4584	0.2352941176470588	You cant stop it period end of story
4657	0.8666666666666667	Autonomous cars increase our free time, because instead of driving people can now work or engage in entertainment during their commute.
4661	0.9333333333333332	Autonomous vehicle:All drivers are fallible. Especially for the older driver any autonomous improvement will benefit them, transportation and society without having to be perfect
4684	0.8	Use of autonomous vehicles would allow people to travel by car overnight while sleeping, increasing productive time and balancing load on roadways.
4729	0.6333333333333333	Autonomous cars can enable much cheaper taxi services due to disposing the need to pay a driver. Thus making convenient and efficient transportation available to people who cannot afford to own a vehicle.
4736	0.8	Self-driving cars are not susceptible to road-rage
4738	0.7333333333333333	Autonomous vehicles would increase mobility and independence for aging people who can no longer drive themselves.
4776	0.8	The use of multiple systems that increase the safety and detection of dangerous elements and conditions can increase the safety of self-driving cars, beyond the capabilities of a driver with the use of new technology.
4782	0.5882352941176471	The technologies that enable autonomous cars will dramatically save the number of lives killed every year - period!
4788	0.4117647058823529	Widespread adoption of autonomous cars would also mean that speed limits could be raised.
4818	0.5882352941176471	Autonomous vehicles will reduce expenditure in crashes costs. US Government pays an estimated $35 billion annually because of crashes. With autonomous vehicles, companies can be liable of the cost.
4870	0.9333333333333332	We should not stop the development of autonomous cars because it will be more ecological: less people will own a car themselves and the autonomous will be more reused.
4877	0.8666666666666667	We should not stop the development of autonomous cars as cars driven by people are not very predictable and can be driven dangerously.
4908	0.5294117647058824	autonomous vehicles can communicate with each other in ways that humans can not to avoid accidents
4915	0.5333333333333333	Autonomous cars are not quite ready to deploy, but they will be safer than human-driven cars.
4939	0.9	Autonomous cars provide access to transport for groups that are denied licenses, like the young or elderly.
4947	0.7333333333333333	Autonomous vehicles will be safer especially trucks. People who say trucking is the most popular job in America are wrong and only a relatively few people will lose jobs. See https://www.marketwatch.com/story/no-truck-driver-isnt-the-most-common-job-in-your-state-2015-02-12
4959	0.8823529411764706	Automatic operation is judged using advanced AI software. So it is safer than humans.
4964	0.6666666666666666	More testing is needed, but autonomous cars of future would lower road rage by design. Aggressive and unsafe driving is not allowed by design - just a safe drive from point A to B.
4982	0.6	With continued development, autonomous vehicles may someday drive more safely than vehicles operated by humans.
4989	0.8	Those who support stopping the development of autonomous cars are fearful of the unknown; instead of stopping it, they should figure out what they're afraid of, and regulate the development to minimize that.
5011	0.7333333333333333	Drunk driving incidents should decrease, because there's no designated driver needed when dealing with Autonomous vehicle
5019	0.9333333333333332	Development of autonomous cars boosts the development of sensing technologies, which have a positive impact on overall safer driving.
5028	0.5882352941176471	Autonomous cars is the future. Imagine an autonomous Uber..... And your autonomous car works while you are sleeping.....
5032	0.7058823529411765	With so many distractions becoming available (e.g., smart phones, automated bill board displays) people are becoming less able to drive safely. Autonomous drivers would not have these distractions and would be safer.
5048	0.9411764705882352	When used and managed in fleets, autonomous cars will greatly lower the chance of traffic accidents.
5062	0.6470588235294118	Machines drive safer than humans, therefore there will be less accidents
5065	0.8666666666666667	There is severe traffic congestion in many major cities around the world, and many lives are lost in numerous traffic related accidents. A well developed and tested autonomous vehicle system would transform how we travel.
5090	0.7333333333333333	By statistic, autonomous cars has already surpass human drivers in term of low accident. What is the point of stopping the development?
5113	0.6666666666666666	Autonomous cars eliminate problems with finding parking since they can drop you off at your destination, find a parking spot after, and then pick you up when you're done.
5120	0.5294117647058824	Mchines have better reflexes compared to humans preventing accidents
5147	0.8666666666666667	Humans tend to break rules, intentionally or unintentionally. Autonomous cars will stick with the rules and will perform better on the road, leading to better order and efficiencies.
5154	0.29411764705882354	road should be used by only autonomous cars in order to leverage machine-only rules
5174	0.9	Autonomous cars will help people who can't drive, like children or elderly people.
5178	0.8	Autonomous cars will reduce car accidents at least ten fold
5185	0.8823529411764706	Clever use of autonomous transport would reduce the number of cars (not one per passenger, not idle most of the time - as now)
5188	0.5294117647058824	Police would no longer need to spend time writing traffic tickets and could focus on more important crimes.
5192	0.8823529411764706	Autonomous cars seem to have much better safety record (accidents, deaths) than humans.
5216	0.5294117647058824	Autonomous/connected vehicles will be given greater scope in to personal data and habits.
5234	0.5882352941176471	We can reduce the time and money cost of obtaining a driver's license.
5236	0.7647058823529411	Autonomous cars will be smarter, faster and safer than human drivers.
5272	0.8333333333333334	Autonomous vehicles coordinating with each other will greatly decrease traffic jams and increase economic efficiency
5304	0.5	Hands free driving cannot be &amp;quot;distracted&amp;quot;, which is a leading cause of accidents in the United States at present
5331	0.7058823529411765	This is all about innovation and perfecting an application using AI. Since the conditions are never consistent the challenge is very high, but it's worth pursuing.
5338	0.9333333333333332	Autonomous cars will eliminate the need for parking as you can be dropped off and picked up later on.
5348	0.8823529411764706	Autonomous cars would be so useful for the many, and increasing number, of elderly and disabled persons who cannot drive.
5370	0.6666666666666666	Development of autonomous cars will also boost the development of electric cars, since those two technologies are closely related.
5386	0.6666666666666666	Technology development is inevitable, and we should not stop the development of self-driving cars, but work to understand the ramifications and consequences of what we are designing and deploying.
5402	0.5882352941176471	Self driving cars will free up much needed time of drivers currently wasted on the act of driving,
5408	0.7647058823529411	Although there may be technical challenges and even dangers in the short term, in the long run autonomous cars will save lives
5455	0.8666666666666667	A large part of the inefficiencies of vehicles is due to air resistance, a convoy of autonomous cars or trucks can drive closer and be much more efficient.
5463	0.8823529411764706	Autonomous cars will be able to communicate in real time with other autonomous vehicles and know exactly what they intend to do, no guessing involved.
5488	0.7333333333333333	Autonomous vehicles provide a significant challenge to science and engineering that will make transportation safer and benefit society beyond transportation just like the race to put a man on the moon.
5491	1.0	Autonomous cars may save people’s lives by driving them to hospitals during situations of major health hazards.
5495	0.8235294117647058	Autonomous cars will give access to isolated people such as younger children or elderly people to be transported
5496	0.7333333333333333	If all cars on every road were autonomous vehicles then human error would be eliminated and the roads would become much safer places.
5508	0.8666666666666667	If all cars were autonomous vehicles, traffic would flow more smoothly more of the time.
5512	0.6	I do not believe that autonomous cars will be entirely successful, but I do believe that efforts in that direction will produce safer cars with significantly more preventative capabilities.
5518	0.5882352941176471	Humans can do something more productive with their time than sitting behind a wheel and staring at the exhaust in front
5536	0.4666666666666667	Don't drive - save lives - let the computer do that for you
5538	0.7058823529411765	Autonomous cars are safer on the road because it is programmed to focus on the driving and nothing else.
5549	0.9333333333333332	Autonomous vehicles such as self-driving trains and trucks can substantially improve the efficiency, reliability and safety of public transport and freight delivery
5560	0.6666666666666666	Autonomous cars will be safer because they do not get drunk, nor do they take mind altering drugs, nor do they get tired.
5570	0.8823529411764706	Autonomous driving will calm traffic and traffic chaos in cities and on freeways. There will be fewer to no accidents. Time between departure and arrival can be spent more productive and meaningfull
5586	0.6470588235294118	Modern cars are parked 96% of the time. Autonomous vehicles and car sharing would require less space on the road and free up more space for parks, recreational centres and housing in populated cities.
5592	0.8235294117647058	Autonomous cars, if regulated properly will have recordings of all events, which will allow allocating liability in case of accident.
5596	0.6470588235294118	People can rest while moving in car therefore people will have more free time and their mental and physical health will be improved.
5602	0.7058823529411765	As as the world gets more crowded and our children find busier streets , they will have an increased need for transport. I believe autonomous vehicles can become an answer supporting efficient and safe travel.
5629	1.0	We should not stop the development of autonomous cars because the underlying technology is advancing rapidly. Although it is too early for broad adoption, continued research and development could make it reliable.
5651	0.7647058823529411	Within the US there are 1.25 fatalities per 100 million miles driven. Tesla autopilot (level 2 autonomous) recorded 1 fatality within 130 million miles. Autonomous vehicles will continue to improve, humans can't.
5660	0.6666666666666666	Autonomous cars will allow humans to relax during commute, therefore, they are more fresh for work or enjoying family time.
5663	0.8333333333333334	Autonomous cars will enable many improvements to our travel, such as significantly reducing road congestion through guided, coordinated traffic flow.
5687	0.9	Autonomous cars will decrease the number of accidents by preventing the existence of bad drivers.
5688	0.7058823529411765	While it will reduce the number of employments, actually it will reduce the number of accidents and the general quality of roads too, which is a better option
5703	0.3333333333333333	Autonomous cars are not less safer than auto-pilot in airplanes.
5720	0.7666666666666667	Autonomous cars will improve safety and vastly reduce the number of auto accidents, as a majority of accidents are attributed to human error.
5726	0.7333333333333333	Self driving cars will remove the burden of driving from people.
5768	0.8	People waste a lot of time each day driving. This time can be spent doing more productive things, while riding in an autonomous vehicle.
5785	0.8235294117647058	Leading factors in human-caused accidents such as alcohol use and sleep deprivation don't affect AI systems.
5799	0.8	If autonomous vehicles can reduce accident rates in a statistically significant way, then we need to continue developing them as human error and poor decision-making accounts for countless accidents and innocent deaths.
5813	1.0	As featured in IEEE Spectrum (October 2018), communication between autonomous cars may significantly reduce urban driving times by allowing more efficient flow of traffic through intersections.
5853	0.8	Autonomous cars will not suffer from human weaknesses such as tiredness and lack of concentration
5868	1.0	Autonomous cars can free parents from driving their kids to extracurricular activities
5883	0.8823529411764706	Autonomous vehicles are already safer and less costly than operator-controlled vehicles, and further development will make them even better, so there is no logical, scientific reason to halt progress.
5884	0.8	planes are run on auto pilot for long portion of the flights. Autonomous cars don't have to be driverless or unsafe, we should create the right technology and make it safe.
5887	0.8666666666666667	Self-driving cars will ultimately respond better than human drivers, resulting in safer and less congested roads. Extra bonus comes in the form of providing more time to people to read books.
5912	0.7647058823529411	Autonomous cars should be further developed and improved, they provide a creative means of transportation for big cities.
5921	0.7333333333333333	Autonomous cars will be more efficient, thus reducing the pollution from cars
5923	0.9333333333333332	Autonomous cars are likely to reduce the total number of accidents as they are largely unaffected by distraction or incapacitation of human drivers.
5927	0.8666666666666667	The time saved by human beings riding in autonomous cars, who are now spending it on driving, could be used for more productive activities
5939	0.6470588235294118	Autonomous cars can also go service, recharge/refuel themselves while you are busy, increasing their availability.
5963	0.8333333333333334	autonomous cars will largely reduce the amount of accidents on the road, because they will not be susceptible to problems that human drivers face like being tired or losing your concentration
5987	0.7647058823529411	Cars are parked 95% of the time. Autonomous cars could increase the usage of the same several times.
6001	0.9	Autonomous cars can reduce the number of car accidents and by consequence save people lives
6013	0.7058823529411765	Development of autonomous cars has the ability to inform driver assist features ahead of fully autonomous cars being ready.
6016	0.6666666666666666	autonomous cars will reduce the number of car accidents
6022	0.8	Autonomous cars will result in less road traffic since they can coordinate with each other.
6025	0.6	Autonomous cars are a major advance in how people will commute in the future. The concept makes sense and their development is inevitable.
6036	0.6	Autonomous cars prevent people from being able to break laws like the speed limit in emergencies.
6041	0.8	Autonomous cars could be very beneficial for people with disabilities.
6048	0.5882352941176471	Autonomous cars will help stop drink driving and related dangerous human habits
6076	0.8	"An ""Autonomous vehicle"" has an array of sensors and processing a computing system have capabilities beyond ones of humans. The ethical components are edge cases not caused by AI but rather humans driving causing issues"
6084	0.7333333333333333	Autonomous cars increase the speed of delivery since they don't need to stop to sleep or eat the way live delivery drivers do.
6122	0.9333333333333332	Autonomous cars probably won’t be perfect, but the computers they use to calculate things like stopping distance and proximity to other vehicles will make them much more reliable than a human.
6132	0.4117647058823529	AI is more consistent when it comes to doing repetive jobs.
6134	0.6666666666666666	Driverless cars remove the cost of the time spent by a driver, which is a natural step in making transportation cheaper.
6135	0.6470588235294118	Once available, it will revolutionise the way we travel
6163	1.0	Even if one has concerns about the deployment of autonomous cars, stopping their development is unwise because new things can be learned and it is likely they have some future role to play.
6186	0.8823529411764706	The algorithms used to run autonomous vehicles will make no room for error and will lower accident rates drastically.
6187	0.8	We should continue the development of autonomous cars because the humans drivers have shown to be unreliable in terms of complying with driving regulations.
6189	0.8666666666666667	Autonomous cars will reduce the 40,000 casualties a year (in the US alone) by two orders of magnitude. Don't drive - save lives - let the computer do that for you
6216	0.7333333333333333	Taking power naps in autonomous cars is much better than in traditional cars - especially when you are the driver
6217	0.8235294117647058	machines will always obey the rules of the road, and keep passengers and pedestrians safer.
6267	0.8	Self driving cars will reduce the amount of cars on the roads; For example, families owning 2 car today will be able to manage with 1 car only.
6276	0.7058823529411765	Autonomous cars will improve the time dedicated to other activities. Hence, increasing the productivity's of users
6289	0.8235294117647058	Autonomous cars don't get distracted by the phone. In 2012, 11% of drivers under age 20 involved in fatal accidents were reported to be distracted at the time of the crash.
6290	0.5882352941176471	Autonomous cars are more safety and secure than human car driving The autonomous car respect the driving rules than human and will decrease accident and human deads
6322	0.6	Early teething problems cannot be a reason to judge a technology's potential. We should accelerate development of autonomous cars so fewer humans are on the road to cause accidents
6348	0.8	Autonomous cars will make roads safer because the cars will drive slower to precisely follow all traffic rules.
6368	0.6	Autonomous cars are much safer than those driven by humans
6388	0.8333333333333334	Autonomous cars will eliminate parking lots in urban cities, creating more green space, which in turn generates cleaner air.
6412	0.4666666666666667	Freeing up labour hurts people in the short term but in the long term encourages us to spread into new markets as we have cheap workers to use
6417	0.8	Machines are much better at obeying rules of the road and a road system with completely autonomous cars will be more safer for everyone.
6439	0.8666666666666667	It's worthwhile continuing investing in the autonomous car project, when success is so near.
6445	0.6470588235294118	You can do useful things other than driving while the autonomous car drives itself.
