id	rank	argument
19	0.9	Every payment is known. That means we can know quite precisely how much many every person has. That makes it easy to see problematic interests of politicians, illegal payments and corruption etc.
100	0.8	Credit cards charge money from vendors despite providing little service. By expanding the number of companies which can provide credit, that charge will decrease.
128	0.8	Smart contracts allow for automatic reporting of financial trends, creating better data for governments and businesses to create an efficient economy.
140	0.4	Blockchain is cool science so we should try it even if it fails
158	0.9333333333333332	Cryptocurrency allows a mechanism of online payment that circumvents credit card company monopolies and allows people to buy from sources credit card companies refuse to service.
198	1.0	Cryptocurrencies can formalize and give rise to markets in regions of the world in which a central monetary authority or government is non-existent or incompetent.
200	0.7333333333333333	As a person, it benefits me when I have maximum control over my money, and the state has no control over it. I have the possibility to no get hurt by the state's decisions.
279	0.8666666666666667	Ordinary money is controlled by the government that can confiscate it and spy on whoever uses it. Crypto Currency is anonymous and much safer since it is not controlled by the government.
317	0.8666666666666667	It's much more convenient to use cryptocurrency because all of my coins are assigned to me so I don't have to worry about losing my wallet or leaving my purse at home
364	0.8666666666666667	Crypto can be transferred more quickly than funds, removing the possibility of financial and tech based scams.
369	0.9333333333333332	Cryptocurrency adoption would lead to a more efficient stock market since transactions would be faster.
379	0.7419354838709677	Crypto has the same value everywhere, so money changers cannot gouge consumers.
449	0.8666666666666667	Credit card companies can deny service based on the item being bought even if it is not illegal. Crypto can't be tracked and so can't be denied.
499	0.6428571428571429	By allowing for fractional, floating amounts of a coin to be spent, the true value of an item can more closely be determined.
515	0.7333333333333333	Better programmers means better security and privacy protection, providing people with more rights while making them feel comfortable using social media, new sites, or any kind of online banking.
568	0.7037037037037037	The market is an aggregation of all people. Letting markets control crypto is always more efficient than government control of money.
574	0.8666666666666667	We should adopt cryptocurrency because it would remove the need for cash, which is outdated and inefficient.
618	1.0	Cryptocurrency provides a payment method that can't be surveilled by private or government actors, protecting people's privacy.
654	1.0	The free market allows coins to compete, decreasing cost to use and increasing the benefit to consumers.
730	0.5	If we all depend of the banks, the system can collapse faster in a crisis
737	0.6666666666666666	Companies sell client data and effectively destroy privacy. Crypto is untraceable and has no body which can track it.
739	0.5333333333333333	Cryptocurrency exists on both side, on our side we can regulate it
782	0.8	It will help the eenvironment if we could stop using cash
803	0.6666666666666666	Governments can be captured by private businesses who manipulate the market while harming others. A free market has too many companies and too much accountability to be dominated by a few firms.
846	0.8	Cyrptocurrency is harder to counterfeit than cash because the block chain provides each coin with a unique identifier.
874	1.0	Crypto currency cannot be destroyed and is hard to lose, so money doesn't randomly leave the economy.
878	0.8666666666666667	Cryptocurrency is controlled directly by society, so it's much less probable that a single organization will be able to create an artificial policy about the way money flow and behave.
879	0.8	Bank are more open to attack than crypto, therefore kackers will try to take advantage of that
883	0.4666666666666667	Bitcoin running out will cause people to innovate better bitcoin algorithms
891	0.9333333333333332	"The proposal allows a ""free market"" competitions between currencies within the state thay will lead to better monitary policy"
998	0.5333333333333333	For fluctuating currency, the time it takes to transfer funds can change its value. Crypto prices are definite the moment you buy it because funds can be transferred instantly.
1060	0.9333333333333332	While the federal reserve is prone to regulatory capture due to political and economic pressure from corporations, cryptocurrency is objective and cannot be manipulated since it is programmed and is released in a set way.
1090	0.8	Cryptography allows for privacy rights to be expanded by reducing the possibility of hacking.
1101	0.5333333333333333	It is safer because it is decentralized so people won't be scammed
1144	1.0	Cyrptocurrency makes crowdfunding and charity cheaper and more accessible since it eliminates middle man companies that take large cuts and allows individual people to donate directly more easily.
1156	0.7333333333333333	When we stop use cash, we will stop losing money on creating money
1177	0.7333333333333333	The rise of online transactions has also come with an increase in identity theft, however the anonymity of cryptocurrencies combats this issue.
1215	0.6	Digital currency does not use trees and so does not destroy ecosystems or increase global warming.
1226	0.9	No country will take the currency of another country - thus crypto is the only way to have a global currency. That means less change and commission and less problems with currency manipulation.
1248	0.6333333333333333	More demand for programmers allows them to turn down jobs more easily, requiring their companies to treat workers better.
1264	0.9333333333333332	Businesses can use cryptocurrency to avoid expensive international fees and lengthy processes.
1291	0.9032258064516128	Cryptocurrency removes the need for third party money-managers like Paypal or Bank of America by allowing money to be sent directly from crypto-owners to crypto-receivers, this removes unnecessary fees and bureaucracy.
1335	1.0	Bitcoin makes international exchange less expensive because there are lower transaction fees
1381	1.0	Cryptocurrencies are not subject to the current political climate in any given country at any given time and are therefore more stable than other currencies and offer better security to holders.
1457	0.9333333333333332	Due to its decentralized structure, cryptocurrency allows for cheaper and easier microtransactions.
1510	0.6666666666666666	The right to feel comfortable in your choices is key to a good life. By tracking purchases the government violates that comfort.
1517	0.6666666666666666	It's a relayble source of trade, it's got a fixed value as of late
1550	0.7333333333333333	Less cases of theft (of money and personal info) since the transaction is encrypted.
1591	0.6666666666666666	You can check the validity of all your transactions if you have crypto
1607	0.7096774193548387	Companies have a financial incentive to pay better market analysts, while the government has no incentive. This means crypto can be released and allocated more effectively.
1621	1.0	By not using metal, digital currencies do not require abusive mining to create or destroy natural resources.
1675	0.7333333333333333	Crypto can have smart contracts built in which transfer their ownership if certain conditions are met.
1702	0.9333333333333332	Its much harder to commit crimes - we can trace back any coin to any wallet, its much easier to detect theft or money laundering and tax evasion
1710	0.9333333333333332	Regular currency value is determined by country's central bank. It can lower its value by choice or impotence. Cryptocorrency is not controlled by a central body so it is immune to country's mistakes.
1735	0.9666666666666668	Cryptocurrency allows more transparency and security in banking because of the existence of a blockchain.
1749	0.8666666666666667	Cryptocurrency provides people with an extra option for storing their money.
1801	0.7333333333333333	The competition among coins incentivizes prioritizing short term gains to long term solvency and market efficacy.
1848	0.26666666666666666	It is much more complicated to do tax fraud because everything needs to be in the blockchain list. Depends on prohibition of anonymous accounts
1891	0.7419354838709677	Unfree countries would not be able to monitor people's transactions, so this would increase personal freedom
1937	0.9333333333333332	Ineffective governments can print too much money which tanks the whole economy. By decentralizing currency, the harms of this are negligible.
1940	0.8666666666666667	Today banks have monopoly on the way we transfer money and they don't have any legitimacy to do it if we have a good alternative
1944	0.9333333333333332	Banks expand inequality by giving rewards to the already wealthy and by being an entrenched form of power. New money and new institutions may upset that balance.
1946	0.9333333333333332	We should adopt cryptocurrency because it would facilitate international trade by removing the barrier that national currencies pose.
1987	0.9333333333333332	With cryptocurrency there would be no way for governments to create inflation, which protects citizens from poor government policy
2100	0.8	(Depends on the mechanism) - the goverment will be able to trace money transaction more easily causing less tax evasion, unlike using cash
2113	0.9333333333333332	The speed at which crypto is transferred allows for easier mobilization of capital, reducing the harms of financial crises.
2139	0.9333333333333332	Cryptocurrency is capable of detaching people from banks, getting rid of the middleman and making it less risky to handle money.
2180	0.5769230769230769	Bank runs are less likely as banks can now get huge amounts of money easily by contacting companies who can transfer funds instantly.
2187	1.0	On a macroeconomic level, cryptocurrencies allow for easier trade between individuals of different countries, which results in goods that are cheaper and better in quality for consumers.
2201	0.8	People can fo whatever they want I can do whatever i want with my money, any time its ligal. If some people do some elligal things, its police\ country world responsibility to stop it
2216	0.7333333333333333	The removal of distance from economic transactions increases trust and decreases costs.
2263	1.0	Smart contracts reduce the need for intermediaries or blind trust in transactions.
2278	0.6666666666666666	Investing now would get ne richer because in the long term, the value of the coin is only going to rise because it's a matter of time before everybody would use it
2300	0.6451612903225806	Individuals can choose to take on more risk for more reward with newer coins. Autonomy in investments means people are able to better cater their needs and future plans.
2317	0.8666666666666667	Companies can share information in order to create more safe and effective currencies if crypto is adopted.
2369	0.8	Cryptocurrency can be used globally without financial institutions thus not requiring transaction fees.
2375	0.6	Banks do not need to transfer physical funds to allow credit and debit cards to be used, saving transaction costs.
2410	0.7333333333333333	Individuals can create diversified portfolios with any amount of money by being hundredths of various coins.
2411	0.6666666666666666	People should be given an option to trade without the state monitoring their every move. A lack of alternative to bank/state monitored trading is an unjust harm to privacy.
2418	0.8	Governments can unjustly ban things for political reasons. Crypto lets consumers get around this ban and lets the market flourish.
2456	0.8666666666666667	In many countries where the currency is unstable or poorly valued due to social/political conflict or geopolitical factors, cryptocurrency will be comparatively stable.
2494	1.0	Cryptocurrency allows for easy commerce across borders without worrying about exchange rates other structural barriers caused by local currencies.
2574	0.8666666666666667	Without cryptocurrency the government controls the money entirely, which allows dictatorships and other unstable regimes to manipulate the economy without any counterbalance.
2673	0.8666666666666667	Saving on conversion costs makes all foreign travel easier, increasing the tourism economy.
2704	0.9333333333333332	With more scrutiny on crypto currencies and a more educated populace, scam coins and digital thieves will become less common.
2713	0.8	Crypto which is controlled by certain companies can be created and transferred instantly, allowing fast responses to changing needs.
2769	0.6	People in poverty can buy very small, fractional amounts of crypto to invest, which isn't possible with most financial tools.
2790	0.8	Fractional value allows for perfectly accurate conversion between different coins, which is impossible with regular currency.
2813	0.8	Cryptocurrency is decentralized thus it is harder to fail than regular currency.
2826	0.9	Cryptocurrencies do not have transaction fees, which can create massive savings when used as an alternative to credit cards or services like Paypal over time.
2932	0.7333333333333333	Fraud is incredibly difficult with cryptocurrencies, meaning that mass adoption of cryptocurrencies would make practices like counterfeiting and falsifying financial documents impossible.
2961	0.8333333333333334	Cryptocurrency supports the globalization of the world by making money act as independent from countries and therefor capable of being transfered over boarders with the same ease of moving money within borders
3021	0.7333333333333333	By allowing for fractional values, certain denominations cannot become valueless, such as the penny which is now a massive waste of metal and time.
3023	0.6	I'm not influenced by a bank's decision that may affect my money tremendously ( for example, banks giving wrong loans).
3036	1.0	By expanding the number of institutions that can provide currency, the allocation of that money throughout the economy is more private and secure.
3048	0.5333333333333333	The blockchain allows for truly unique items to exist digitally, which is impossible without it.
3062	0.9166666666666666	Cryptocurrency, unlike cash or credit cards, is impossible to accidentally lose since it is completely digital and tied to each individual.
3087	0.7741935483870968	Banks make bad investments that hurt the whole economy because they have so much capital and power. Crypto reduces the possible harm they can do.
3102	0.6	Rent and time based prices can more accurately be used by charging fractional amounts, allowing for more true rent pricing.
3131	1.0	We should adopt cryptocurrency because it would promote global stability compared to every small economy having their own floating currency backed only by the authority of a weak state.
3216	0.7333333333333333	By decreasing the ability to hack financial institutions, billions in stolen funds can now be allocated fairly and efficiently.
3226	0.6	Cryptography is the base on which all digital transactions occur and all financial information is stored.
3259	0.8666666666666667	Since miners are usually compensated by the network, cryptocurrency usually has lower or no transaction fees.
3270	0.9333333333333332	Given how their alrogithm work, the usage of cryptocurrencies is much safer than the alternative, which is often using cash or credit cards, which can more easily be stolen or lost.
3287	0.7333333333333333	Smart contracts can allow for innovation to occur where trust would otherwise have blocked people from buying into what starts as a small company.
3303	0.8666666666666667	If more people use cryptocurrency, then it will get safer because harder to control the blockchain
3326	0.9333333333333332	Unlike cash ,cryptocurrency can't be stolen (as far as I know)
3375	0.8	Because the payment cannot be controlled by the state people living in dictatorships can more easily buy and have things that they aren't allowed to have like books, entertainment, computers and more.
3423	0.7	When the system has so many security mechanisms the money is more safe from theft and physical robbery (no coins, for example).
3451	0.7333333333333333	Today we spand a lot of time everyday on using cash, looking after it and. Therefore we will save time for outself and to the economy
3464	0.8666666666666667	More financial instruments that allow for investing decentralizes capital and makes crashes less severe.
3482	0.7741935483870968	Cryptocurrency allows for the creation of smart contracts that eliminate entrusting third parties with your money.
3603	0.8	People will buy more, and be happier, since cryptocurrency is hard to regulate, which means that the goverment will struggle to impose taxes on it.
3723	0.9333333333333332	Cryptocurrency would allow increased participation in the stock market since people would be able to invest directly rather than having to use a third party like a portfolio management or investment app.
3875	0.8387096774193549	When people don't have to transfer money through the state's beaurocratic systems of currency when paying internationally, transactions become easier and more accessible and people get what they want faster.
3904	0.6	There are no commissions and people can control much better their money directly and not through a bank which is unstable and has bad interest. People's money is more. Likely to be safe.
3990	1.0	Cryptocurrency provides a baseline currency across countries that encourages international business and investment by eliminating the bureaucracy associated with different nation's currencies.
3991	0.8	To track conversion rates, the relative value of two currencies must be understood. Crypto requires less knowledge and can be used more easily.
4031	0.9333333333333332	Coins can be created for specific uses, such as being tacked to the stock market, used for banking and transferring funds between institutions, or everyday use. More specific uses means better options for consumers.
4044	0.6	Reduces power of banks over the economy by reducing fees and allowing easier money wiring. This diverts money into real investments instead of investments in liquidity and relatively safe assets, what banks tend to do.
4050	0.8	The cryptocurrency market increases the number of skilled programmers and mathematicians to enter the cryptography market, increasing all digital security.
4114	0.8	Universal crypto standards reduces the ability to fascist governments to cripple the cryptography market in their own country and destroy opposition.
4191	0.6666666666666666	Helps political opposition organize and defy malevolent governments by discrete wire transfers
4205	0.6	By increasing the number of economists involved in digital finances, more efficient economic strategies can be found.
4211	0.6666666666666666	Currently, crypto is hurt by the size of the industry and the possibility of collapse. If we adopt crypto as a universal standard, we can ensure that we don't see crashes in the future.
4316	0.7333333333333333	Governments manipulate their currency to get artificial benefits over their competitors, which harms their own citizens and the citizens of competing countries.
4420	0.7333333333333333	We should adopt cryptocurrency because no one government can devalue everyone's savings, compared with the influence of the Federal Reserve in America on the global economy.
4450	0.8	The cost of storing crypto is practically zero, compared to the cost of keeping and protecting physical money.
4516	0.6666666666666666	Cryptocurrency would lead to fewer foreign purchasers for sovereign debt, because it reduces the need for foreign currency reserves
4526	1.0	Cryptocurrency isn't prone to conversion rates the way national currencies are, which makes travel between countries easier.
4554	0.9333333333333332	International trade is easier when there is a single currency that both parties can agree on that neither has control over.
4666	0.8064516129032258	It is costly to change money into another currency, as it takes time and knowledge. Crypto avoids this problem altogether.
4696	1.0	While the bank can be hacked physically or digitally, control of cryptocurrency is distributed across millions of computers and therefore much more secure.
4711	0.7647058823529411	Cryptocurrency is the digital future of outdated paper and metal money.
4802	0.8	For individuals who are under oppression, abuse, or otherwise need to hide money, crypto is easy to hide.
4817	0.8	Generating physical money costs the taxpayers thousands per year which can be avoided with digital currency.
4890	0.7333333333333333	Governments control the central interest rate, which means banks and businesses cannot shop around or compete for better rates. Crypto lets companies have discretion.
4894	0.8	Cryptocurrency presents an option for anonymous transactions in a world with increasing government oversight and loss of privacy.
4895	0.6	If we fear to try crypto, it could never work, we need to take a leap of faith and try to get a critical mass of users
4951	0.8666666666666667	Since you don't need good credit to acquire crypto, cryptocurrency increases online transaction accessibility to people who can't get approved for a credit card.
4977	0.8666666666666667	People from all over the world receive the cryptocurrency bitcoin. A single currency around the world makes trade and international cooperation simpler and thus promotes economic development.
5012	0.8709677419354839	Fewer intermediaries decreases the cost of transferring crypto compared to traditional money.
5014	0.5333333333333333	bridging over economies. I can pay to somone by a global coin without thinking of a future valeue of a specific money
5079	0.6	Smart contracts reduce the possibility of scams by being backed by unchangeable mathematical formulas that both parties can understand.
5143	0.4	More fake proof then cash , there is a lot of fake bill , but not a single fake Bitcoin
5155	0.7647058823529411	Governments shouldn't control currency, cryptocurrency is an equalizer.
5226	1.0	Since cryptocurrency is a creation of the private sphere, companies can compete to provide the most efficient and versatile crypto to nations.
5376	0.8387096774193549	As cryptocurrency isn't binded to any single country or organization, there isn't a harm to the currency itself because of wars or other kinds of damages, making it very stable after the initiative phase.
5425	0.9333333333333332	Cryptocurrency smart contracts make the market more efficient by eliminating the need for one party to enact their part of the contract first, instead allowing for simultaneous trades based on conditions in the smart contracts.
5438	0.9333333333333332	More people will buy things since they will feel protected thanks to encryption, which will boost the economy.
5498	0.7333333333333333	The more people use cryptocurrency, the less use banks, the better the kind of deals the bank will offer to it's users.
5509	0.5333333333333333	If we are not satisfied with existing cryptocurrencies, we can produce new coins that are secured like a cryptocurrency but are subject to regulation like regular currency.
5531	0.5333333333333333	cryptocurrency would turn us away from fiat currency, which means that the fed will no longer have control over our economy
5584	0.9333333333333332	We should adopt cryptocurrency because it would give people more privacy in their transactions and prevent governments and banks from spying on people as easily.
5603	1.0	While carrying cash and credit cards in foreign countries can be dangerous, cryptocurrency doesn't get carried on the person and so is more safe for the individual.
5615	0.6666666666666666	Laws which control the access to funds or specify a cash amount in the text of the law can become too expensive or too cheap based on wild currency fluctuations.
5743	0.6666666666666666	The government has proven it cannot manage money by causing various financial crises. Crypto prevents them from creating these situations.
5744	0.4666666666666667	Smart contracts mean that deals or investing can occur without a need for trust, increasing the amount people are willing to put in.
5753	0.7333333333333333	The more people use cryptocurrency, the less use banks, and the less money in the banks, the less it has an ability to give out loans which harms the economy.
5771	0.8666666666666667	A currency that exists independent of the state means that government volatility and abuse are less likely to lead to a seizing of individual assets.
5834	0.8	New kinds of transactions and markets allow for phenomena to be studied and tracked more efficiently than ever before.
5892	0.7096774193548387	We should adopt cryptocurrency because fraud is much more difficult than counterfeiting paper currency.
6072	0.8666666666666667	Once a lot of people adopt it, it becomes independent of political situations in specific countries and hence detaches global economy from trade wars between super powers or other singular events
6087	0.6666666666666666	Promises stability in monetary policies because it is gets extremely hard to print money, which is a huge cause for economical crises
6092	0.8666666666666667	New forms of programming centered on the blockchain allows for new economies based around trust to evolve which increase financial independence.
6123	0.5333333333333333	Decentralizes control over currency from governments to people and balances the power of governments and dictators
6169	1.0	By having public access to the mechanisms by which certain crypto currencies work through white papers, consumers can have perfect knowledge on how the currency will evolve and change over time.
6266	0.8666666666666667	Cryptocurrency protects against identity theft by having the payer choose how much money to send instead of giving companies access to all your credit card information so they can request as much money as desired.
6274	0.8666666666666667	Banks have the majority of power over things like loans, where there is systematic discrimination. Crypto gives more people the capacity to loan and reduces bias.
6337	0.4666666666666667	Because it is volatile, people will get more excited about finance
6382	0.8	More money in digital goods increases the demand for programmers, increasing their quality and number.
6414	0.8666666666666667	Credit card companies and banks use their control over money to censor ideas and enforce their will. Crypto is not controlled.
