id	rank	argument
56	0.6	Children should not be hidden from what the world is really like. Since violence exists, and children are likely to see it in some way in real life, it's better to start with this exposure.
95	0.6	By banning it from minors, companies that do make violent games will make them more violent since the marek they will try to reach will intuitively be older. But, as showed, children will be exposed.
191	0.6666666666666666	Banning violent video games means people will scrutinize the media their children consume less, which leads to other problematic content sneaking through (ex. drug use/ alcohol use / disrespecting women
204	0.6666666666666666	Banning violent video games means that companies who spent years on a certain product will not get none which is unfair.
221	0.4117647058823529	By encouraging violence among children, we may have a more thoughtful discussion about the increasing violence problem in society.
229	0.5882352941176471	It is up to parents to monitor which games their children play. ESRB ratings and the internet give parent more than enough information about any given video game title. Banning the games won't fix anything.
232	0.6666666666666666	the decision on whether to purchase a certain product is an educational decision that parents should make, not one that it is the state's place to take
242	0.8	Minors will find a way of accessing this video games, at least when they buy them the parents are usually informed (they pay) and can help them choose the games that are less harmful
251	0.4705882352941176	Violent video games may decrease crime because people are busy playing the games instead of committing violent acts.
252	0.4705882352941176	These games teach how do deal with conflict
289	1.0	The proposal will create a black market for violent video games, which will be much worse due to less regulation both by the state and by parental supervision.
335	0.8	Banning games may introject on parents duty of reaching their chidren the difference between wrong and wight.In any case their will be in contact with violence through TV News Pappers and other platforms.
345	0.8235294117647058	Banning the sale of violent video games to minors assumes that parents are not teaching their kids how to be good people. A parent should have more influence over a kid's morality than a video game.
377	0.7058823529411765	Nearly all young men play video games, so the fact that some people who commit violent acts also played games should not be surprising, nor does it imply a causal relationship.
383	0.7647058823529411	A study of the countries representing the 10 largest video game markets internationally found no correlation between playing video games and gun-related killings.
397	0.9333333333333332	Parents should be the ones that decide what their kids should or shouldn't play, they are their moral guardians and not the state
436	0.7333333333333333	Children can easily tell the difference between things that are acceptable in video games and those acceptable in reality, making a ban unnecessary.
470	0.8666666666666667	let parents make the choices. parents gets to decide what his child is exposed to and, if we succesfully argue that kids mind are not affected by it, the decision should be made by parents
476	0.5294117647058824	Violent video games do not impact the mind of a person.
501	0.4705882352941176	nah, we should educate people rather the ban anything.
504	0.7647058823529411	Society's new entertainment and free time is spent playing video games, and violence is part of our reality. People should be aware of its existence and repercussions.
557	0.7333333333333333	While sales of violent video games have increased substantially over the past two decades, rates of juvenile delinquency have not, showing that these video games do not make children themselves more violent.
572	0.5333333333333333	Age is an arbitrary line to draw, and does not directly correlate to someone's intelligence, maturity, or ability to handle adult these, and thus age should not be used as the basis for a ban.
573	0.7647058823529411	There is insufficient evidence to suggest violent video games lead to violent behaviour. Thus we should not be limiting children unnecessarily given there are demonstrated cognitive benefits to video game use by children.
668	0.7333333333333333	violent video games help teens take out their stress that has added up and bubbled up into violence on a fictional platform, instead of on their surroundings
717	0.6	Minors can have a lot of aggressions and can get hormonal. They need and environment to blow of steem. Vidor games are controlled environment and the comparative is to do it in real life
720	0.8	"These video games are an opportunity for parents to teach their kids how to deal with ""real"" violence, and real problems that they may be facing, while they can still influence their children."
832	0.8	Violent video games allow parents to create a discourse about how their children should engage with the world.
852	0.8235294117647058	Violent video game players know the difference between virtual violence in the context of a game and appropriate behavior in the real world.
906	0.6470588235294118	Correlation is not causation; the most violent children across America eat ice cream, but no one claims we should ban the sale of ice cream to minors.
933	0.6666666666666666	We should not ban the sale of violent video games to minors because it would place an undue burden on retailers to police their customers.
934	0.6470588235294118	Parents have a right to monitor their children's activities and decide what is or isn't appropriate for their children.
935	1.0	The government doesn't have the right to decide what media kids should be consuming, since rights over child development are reserved for parents.
957	0.4705882352941176	Violent video games doesn't seems to have impact in some countries such as Japan. It doesn't influence young people to commit crime.
985	0.7333333333333333	Things that we ban are significantly cooler,so banning those video games would practically put them in any child computer
1020	0.8	being violent in a virtual world can be a form of anger release/managment, thus reducing violence in the real world
1055	0.8666666666666667	These video games can raise issues and questions about violence while giving the parents an opportunity to effect the way it's precieved and influence their perspective on violence while they are young.
1065	0.8	Making something off limits to children makes it more appealing because it is taboo and feels rebellious.
1123	0.6470588235294118	By showing the consequences of applying violence within the videos, children can be educated before bringing anything to practice.
1126	0.4705882352941176	We must be prepared for hordes of minors chasing up us with shovels through the streets if we don't provide them with conduits through which they can give way to the devil who inhabits them.
1131	0.9333333333333332	If a minor have violent urges, violent video games can provide a channel to express the minor's natural aggression without any harm to the society.
1149	0.5333333333333333	We should not ban the sale of violent video games to minors because it unfairly punishes one medium, when other media can use violence freely.
1261	0.8	Violent video games enable venting violent urges on animated victims rather than real ones, thus decreasing violence.
1275	0.35294117647058826	Banning violent video games does not guarantee that minors will not act violently. The causality here is not obvious.
1326	0.4666666666666667	It will hurt the income of video games companys so the game they will reales will be less quality games
1358	0.6	if we will accept this motion its affect the freedom of people to choose what they want to do
1368	0.5882352941176471	Violent video games are not the main issue with kids violence. Engaged Parents are the key driver to kids that do not act out violently.
1401	0.5294117647058824	Many risk factors are associated with youth violence, but video games are not among them.
1424	0.7647058823529411	The fact that violent kids play violent video games doesn't mean that the games caused the violence. especially since there are millions of non-violent children playing the same games.
1436	0.6470588235294118	By age seven, children can distinguish fantasy from reality, and can tell the difference between video game violence and real-world violence.
1450	0.7058823529411765	By giving specific tasks and allowing young people to work through obstacles to achieve those tasks, video games can help to boost self-esteem and help children to learn about the value of persistence.
1451	0.6470588235294118	Children can understand that what's going on in a game is different from real life and should not be seen as normal behaviour.
1459	0.5882352941176471	In Brown v. Entertainment Merchants Association (2011) the US Supreme Court ruled 7-2 that California could not ban the sale of violent video games to minors.
1461	0.8235294117647058	Violent video games allow players to release their stress and anger (catharsis) in the game, leading to less real world aggression.
1473	0.8823529411764706	Violent video games are cathartic and help kids to not take violent actions in the real world
1475	0.8	You can not effectively ban the sale of computer games. Kids will just download them illegally from the Internet.
1484	0.7058823529411765	Studies claiming a causal link between video game violence and real life violence are flawed.
1502	0.8666666666666667	Children are exposed to violence in many other media. Banning the selling of violent video games will not create any impact, it will only make the government seem oppressive.
1519	0.6	Illigel market- in the internet Era of will be hard to implement the ban and kids will still play the games but now without adults knowing about it.
1597	0.7333333333333333	We should not ban the sale of violent video games to minors because it will encourage more online sales and hurt brick and mortar retailers who are already struggling.
1624	0.8	We should not ban the sale of violent video games to minors because violence is part of life and we shouldn't try to shelter children from it, we should teach them to cope with it.
1649	1.0	Violent video games provide a meaningful cathartic release for children that would otherwise be aggressive or violent in their everyday life.
1659	0.8666666666666667	The creation of video games is an action of free speech and shouldn't be undermined by government action.
1672	0.9333333333333332	Violent video games allows for catharsis in some children and can actually reduce actual violence. The parents are able to determine what effect violent video games have on their children and act accordingly.
1689	0.5882352941176471	Ban is to strong of a measure, but more guidance should be provided in game covers. Ratings already exist, perhaps we need the aggregate reviews of the crowd on different aspects of the game?
1703	0.5294117647058824	Playing violent video games does not cause kids to commit mass shootings.
1712	0.8	Whenever something is banned, it gets romanized and youth more feverishly pursue it.
1718	0.6470588235294118	These games can improve how to deal with problems in their lives with violence
1722	0.8	video games are a great tool for developing a creative mind, even if it has violence, it has a lot to do with eye-hand interaction and it will benifit them
1799	0.6	Violent video games truthfully articulate that violence is sometimes appropriate (like world war II games where you kill nazis).
1817	0.5333333333333333	Minors should be allowed to engage in activities that are harmless to them and their environemnt as video games are not real and cannot physically harm anyone.
1827	0.4666666666666667	Makes these video games legitimate to promoting and buying for children, as it is legal to do so
1857	0.5	minors, even though are young, are not stupid, and therefore know how to tell the difference between the real world and their video game
1887	0.5882352941176471	No, games should be available for all people. Violent video games have no impact on personalities, especially compared with other forms of media, such as movies.
1920	0.8	We should not ban the sale of violent video games to minors because violence is only one part of objectionable content, so this law does not go far enough.
1928	0.8	We should not ban the sale of violent video games to minors because there is no evidence that these games cause children to be more violent.
1945	0.9333333333333332	Despite the rise of violent video games juvenile crime is down, which means they aren't correlated.
2000	0.4117647058823529	"The ""moral panic"" that many adults feel about video games is an exaggerated sense of public concern, fear, and anxiety over a perceived threat of social corruption."
2004	0.5882352941176471	It is not the government's place to make sure kids turn out OK - this is a parent's role.
2040	0.6666666666666666	We know that minors understand the meaning of the actions and to tell the difference between rights and wrongs so they will know what to do
2058	0.6	If the child's parents think there is no problem with violent computer games they can always buy them for the children themselves.
2064	0.4705882352941176	An overwhelming number of nonviolent children and adults have played violent video games.
2085	1.0	Banning it will make the games seem more interesting, like a cookie they must not eat. This will make them more likely to download it illegally, or tell their parents to buy it.
2092	0.75	Though they are young, minors are still able to distinguish between fantasy and reality, and can understand that the actions they may take in a game are unacceptable in the real world.
2103	0.6470588235294118	The US Supreme Court ruled that violent video games do not cause youth to act aggressively.
2118	0.4705882352941176	There is currently a rating system for video games to tell parents which games are suitable for which ages. It's up to parents to police their children's video game consumption.
2199	0.29411764705882354	Tom & Jerry is a violent cartoon for children with a minimum age of six, so why they should be allowed and video games not.
2242	0.8	Violent video games often have many redeeming elements such as teamwork or puzzles that may positively affect minors.
2315	0.7333333333333333	the outlet of playing violent video games is great, it keeps youngs from searching for other, perhaps illegal ways to let bad emotions like anger effect their surroundings
2385	0.8235294117647058	Violent video games help expose and educate minors on the dangers and complexities of the real world so games should not be banned below age 18.
2389	0.8	Violent video games allow a moral sandbox for children, to see that when they kill a person in game, its character dies, falls, makes a horrible sound, and they learn it's bad to inflict pain.
2391	0.8666666666666667	People have a right to pursue happiness through any means that don't inflict direct damage on others. These games are part of this right.
2398	0.6666666666666666	Modern media is already saturated with an incredible amount of violence, so violent video games are not the tipping point for decreasing empathy or desensitizing children towards violence in the status quo.
2406	0.6666666666666666	it won't be of any use, most kids nowadays can ellegaly download any game they want, so the ban won't even be effective
2441	0.4705882352941176	Violence either in gamer or tv/movies is a not the cause of the issue, it is the responsibility of parents to educate children
2502	0.36666666666666653	Makes creating such videos financially beneficial, which will make more people do this
2526	0.7333333333333333	video games can not be put in the same category as guns and alcohol, since they don't pose as big of a threat to minors
2547	0.5294117647058824	Parents should parent rather than relying on government to set the rules for children
2554	0.6666666666666666	Violent video games are protected under free speech which minors should also be able to access, and are an important avenue for minors to self-express themselves.
2564	0.4705882352941176	Wording is too broad to support, big difference between 5-year-old minor and 17-year-old minor and what levels of violence may be acceptable for each.
2613	0.6	Children are likely to check borders anyway and find a rush of adrenaline in crimes, video games could provide that rush and cause children to be more obedient and calm
2620	0.6666666666666666	If we will ban kids from buying violent computer games, they will get them anyway, but because they are unregulated they will buy the most violent games that are full of gore and nudity.
2621	0.8666666666666667	We should not ban the sale of violent video games to minors because these games let young people explore violence in a safe environment and learn to accept violence as part of life.
2624	0.5294117647058824	My generation grew up playing variety of violent video games. There is no statistically identifiable increase in violent behavior compared to previous generations.
2710	0.8666666666666667	We should not ban the sale of violent video games to minors because the law is unenforceable and this will undermine young people's respect for the law long term.
2715	0.4705882352941176	Violent video games shoud be analized by parents. I still do not know any viotent person that was directly affected by playing violent video games in their childhood. We should own reponsability of a violent society.
2729	0.7058823529411765	Violent games allow youth to experiment with moral issues such as war, violence, and death without real world consequences.
2756	0.8	These games are a good way to solve conflicts in a non harmful way, especially when most kids play them
2759	0.8823529411764706	"Studies have shown that violent video games can have a positive effect on kindness, civic engagement, and ""prosocial"" behaviors."
2788	0.5333333333333333	Children will be exposed to violence at some point in their life. It’s better when they have adults to consult with, rather than them having to deal with it on their own
2816	0.5294117647058824	Violent games can be a motivator for being good.
2840	0.9333333333333332	Children will have to find alternative methods to get the games. They are more likely to hide it from adults because of that, therefore making their usage of the games less supervised and responsible.
2862	0.8666666666666667	The difference between actions in computer game, with buttons and unconvincing graphics, and actions in the real world is huge. People will not act in the real world similar to their actions in the game.
2869	0.7058823529411765	Most studies find that participants did not have raised aggression levels. They could not identify violence quicker than before when shown images. Similarly car games people played did not make them identify images of vehicles faster.
2871	0.4705882352941176	VIOLENCE IS AMAZING WE SHOULD SUPPORT TEACHING IT TO CHILDREN
2951	0.5882352941176471	Proper guidance can keep the notion that a game is just a game in the forethought of young minds in development. Eg: I've never hit any one with a frying pan because Bugs Bunny did.
2955	0.6666666666666666	Violent video games are appealing to the younger audience since they are aware it is not acceptable behavior in real life but can still be used as a harmless outlet.
2969	0.9411764705882352	Violent video games provide opportunities for children to explore virtually the consequences of violent actions and to develop their moral compasses.
3047	0.8666666666666667	Parents know better when to give the child permission to play when it's good and he enjoys it. They know their specific child and his needs
3061	0.5294117647058824	These days, a lot of kids play violent video games because the parents that buy the games don't care about the age ratings. Parents are going to buy violent games for their children anyway.
3069	0.4117647058823529	Military games train children to operate drones and other high tech weapons necessary for today's military.
3072	0.8	Children are more likely to hide from their parents the fact thay they play, which prevents the parents from teaching them the problems of these games
3091	0.6666666666666666	Those games don't represent the reality because they show pixelated 'people' and animated scenery, so the immersion os not real and people won't be more violent because of it
3100	0.8	If parents want, they can buy these games for their kids. This law only forces the parents to be more informed about the kid's activities, helping them balance out the negative side of them
3134	0.6470588235294118	violent video game not violence only, it include things about strategy, judgement, action and so more
3137	0.6666666666666666	Banning the sale of violent video games to minors is a suppression of free speech
3158	0.35294117647058826	What is the categorization of violent? Is it the method or volume of death? Learning about death can be seen as an important part of human growth
3174	0.4705882352941176	We should redesign video games to maximize the potential to teach children how to be violent
3219	0.7333333333333333	Minors are able to differentiate between real life and fantasy and therefore will not be negatively affected by violent video games.
3257	0.7333333333333333	It's ineffective - they'll borrow the games from older friends and siblings
3264	0.7058823529411765	The ban would really not prevent violent media from reaching the minors. The ones purchasing them are usually parents or elder relatives, which are of legal age, and it would trickle down to them eventually.
3289	0.75	Time and again, studies have shown that violent video games do not actually lead to increased rates of violence or hostility amongst the people that play these games, even amongst minors.
3441	0.6666666666666666	not all violent games are bad, the same as not all violent events in real life are. The criteria for banning should be by the type of games that encourage deeply immoral actions
3474	0.7333333333333333	We should not ban the sale of violent video games to minors because this law would actually increase the demand for the banned or restricted games.
3591	0.7647058823529411	Kids need an outlet for their anger, frustration, and violent urges; we much prefer the outlet be through video games rather than a classmate or neighbour.
3615	0.6666666666666666	its affect the competition in the market place because video game companies cant sell the product that they are specialize
3628	0.5294117647058824	The video game industry has positive economic impact.
3691	0.8235294117647058	Violent play existed long before video games and in many forms. It is an outlet for aggression, especially for males, and doesn't reinforce thoughts of harming others.
3705	0.7333333333333333	Violent video games can be an outlet for kids to relieve stress, anxiety or otherwise express any violent tendencies in a safe way, as opposed to bottling up that aggression and unleashing it on others.
3710	0.5333333333333333	It won’t help because they will find ways to get any way- the ban will be on them and they will get in a different way- so the won’ help
3766	0.7333333333333333	If a child’s uses violence, he does it because he had before in his system, so the games don’t put this violence out it already their
3775	0.9411764705882352	Children naturally have violent urges and we much prefer them acting on these urges in the digital world rather than in the real world.
3821	0.8666666666666667	Banning violent video games mis-attributes blame for why people are violent, leading to a false sense of solvency.
3823	0.6666666666666666	Video games don't have life-like graphics. They are full of things which do not seem normal in the real life. Children, despite being fairly stupid, are able to distinguish between real life and video games.
3834	1.0	We should not ban the sale of violent video games to minors because the definition of excessive violence is arbitrary and only reflects the values of the reviewer, not society as a whole.
3896	0.9333333333333332	We should not ban the sale of violent video games to minors because it is not the role of the state to decide what material is and is not fit for children.
3949	0.5333333333333333	Ultimately parents, not the state, should be responsible for deciding what media their children should be able to access, as parents are the most informed about their child's maturity and ability to understand these games.
3980	0.8	Kids will just watch violent shows instead and will still be exposed to violence
4009	0.29411764705882354	Violent children lead to more interesting societies, which is why we should use video games to make the, more violent
4021	0.8666666666666667	Those video games develop positive skills for the children- quick reaction, focus and more. Banning them will make them less likely to learn those skills since they are unique to the violent games.
4049	0.6666666666666666	It is impossible to ban children from using violent video games. They will find another way, making this motion very ineffective in solving the problem.
4061	0.7058823529411765	Research shows that playing violent video games can induce a feeling of guilt that leads to increased prosocial behavior (positive actions that benefit others) in the real world.
4126	0.6470588235294118	Gun violence is less prevalent in countries with high video game use.
4160	0.8	These games can be downloaded illegaly, this law encourages minorities not to pay and steal the gamea
4162	0.7058823529411765	It's too difficult to assess or quantify the effects a violent video game or movie will have without taking into consideration the immense variables which exist between the minds of each individual. Physical age is unreliable.
4167	0.4666666666666667	They will pressure their parents to buy for them the games by crying, parents are likely to want to satifsy them and buy them the game, so banning it is not effective.
4190	0.8666666666666667	The violent video games allow a virtual punching bag for the child to transfer their frustration onto, rather than inflicting it on themselves or other, real, people.
4197	0.6	We should not ban the sale of violent video games to minors because children can distinguish fiction from reality.
4237	0.8	Not allowing something, in this case violent video games, increases minors desire to play the games and they will seek opportunities to do so
4262	0.5333333333333333	parent has a right to the education of his child because he raised him and we don't know any perfect education. The autonomy of the parent is to shape what will be left of him
4281	0.8666666666666667	We should not ban the sale of violent video games to minors because children today are more sheltered from violence than they were historically, so they are unprepared for violence in the world.
4302	0.6470588235294118	Parents should be able to choose what they feel is right for their children
4305	0.6666666666666666	When forbidden, many parents will see the measure as extreme and fully disregard it in comparative to understanding the problematic side and teaching the child
4345	0.4666666666666667	These are more fun games and most other harms don't accrue
4348	0.7058823529411765	Violent video games should not be banned because the number of children playing violent video games increased dramatically over the last few years but violent crime did not.
4352	0.7058823529411765	A peer-reviewed study published in the Journal of Adolescent Health found that children, especially boys, play video games as a means of managing their emotions.
4411	0.8666666666666667	Video games are a way for violent-tending kinds to take out their aggressions on something that doesn't get hurt
4433	0.29411764705882354	violent video games do not affect children at all i know since i have grown up playing video games and i am perfectly fine violent video actually improved my speech i knew more words than alotofpeople
4497	0.8666666666666667	Video games are a good medium for children to take out their aggressions, instead in real life- against other children.
4500	0.8235294117647058	Research has shown that there is no correlation between violent games and violent behavior in both closed studies and statistical approach.
4505	0.8823529411764706	The government should not act as a nanny state when there are fit parents to make decisions regarding each individual child and their unique needs and abilities.
4528	0.7058823529411765	Video games are not the only media that contains violent content. What about other forms of media that include violent content, such as movies, tv shows, online videos and books?
4540	0.8	with the ammount of violence that kids are exposed to in the real world wars, murders, offensive songs, what is the use of banding video games? we should be talking about the more ergent matters
4557	0.5333333333333333	video is no other than many other forms of media that are extremely violent (news, TV, Movies, etc..), therefore there's no reason to single out these specific genre
4580	0.7666666666666667	These games are a great opportunity for parents to teach their children the difference between fantasy and reality, in addition, the parents can teach their children how to actively differentiate between fantasy and reality.
4626	0.8	Violence is very alluring thus the ban will give rise to a black market of violent video games that will have no regulations at all on them and possiably be racist or consist propaganda.
4654	0.5333333333333333	Shaping the behavior of citizens in any way other than to protect natural rights is paternalistic and criminal.
4668	0.6666666666666666	video games are a huge revenue business in which talented minds are working on pushing technology forward, it would hurt progress to close down such an industry
4744	0.9411764705882352	There's no scientific proof that children are negatively influenced by the violence they see in games.
4754	0.8666666666666667	Violent video games provide an outlet for children's aggression and anger such that they won't express it later against real people.
4795	0.6666666666666666	kids can learn alot right from wrong playing thoes video games. when playing violent games with proper parental presence it can be even beneficial
4829	0.6470588235294118	Instead of broad bans, why shouldn't individuals parents make decisions for their own families only? Why should they get to decide for everybody else?
4858	0.7647058823529411	It would be very difficult to enforce restrictions on buying violent video games in digital stores. It's most likely just going to ruin the system for everyone else.
4869	0.8666666666666667	We should not ban the sale of violent video games to minors because the definitions will be arbitrary and likely favor one narrative or style over others.
4882	0.8	When banning things from people they want to know why and to try it themselfs. Minors tend to be even more rabelius and will try the games just because they are banned. Bigger exposure.
4904	0.6666666666666666	It will hurt video games companys become a large portion of their customers won't be able to buy their games anymore so developers will get fired
4938	0.8	Violent video games often depict the actual reality of many people on the street or in poor neighborhoods, one which many financially stable people wouldn't otherwise get exposed to or care about.
4944	0.7666666666666667	These video games are a way for kids to unleash their anger, anxiety and stress in a way that isn't harmful to the people around them (aiming those agressions twords other kids).
4962	0.5294117647058824	No, because enforcement is difficult: considering that distribution of video-games today is increasingly online (as opposed to via physical stores), it's difficult to verify the age of the buyer (much like online porn).
5020	0.7647058823529411	Violent video games do not cause children to act violently.
5052	0.8666666666666667	Violent computer games help children to exhaust their aggressions in a safe and controlled environment. Instead of yelling or beating other kids, they hit a virtual character and relax.
5063	0.4117647058823529	If a video game behavior example has more importance than the moral inspired by the parents to a child, then, I would say, it is not a problem brought by video games. (Just my opinion)
5068	0.6470588235294118	Violent video games can act as a cathartic outlet to act out anger in a safe environment
5072	0.6	Minors will find a way of accessing this video games, at least when they buy them the parents are usually informed (they pay) and can talk to them and mitigate the potential harms
5128	0.8	Children will in any case find pirate ways to play violent games. If we band them we distroy any kind of control on how violent the games are or wich games have the worst effect
5210	0.5882352941176471	Sales of violent video games have significantly increased while violent juvenile crime rates have significantly decreased.
5233	0.8	Violent video games give a healthy outlet for aggression, allowing children to express their anger in a safe way
5243	0.8	Companies will turn to other edgier suggestive content to sell their product which sends a worse message than violence.
5274	0.6666666666666666	The absolute most of the kids that will play these games won't be more violent as a result of paying them so it's unfair for those kids
5311	0.6470588235294118	I do not think they should be banned but I think they should be restricted and there should be parental notifications and permission.
5312	0.35294117647058826	I played violent video games when I was a minor, and I turned out beyond fine. I have never been violent before. I had one small ticket that got erased.
5314	0.7647058823529411	Minors are able to distinguish their moral reasoning and reletavism concerning reality and violent video games. Violent video games exspose minors to violence. However, it doenst inherently cause minors to want to be violent.
5409	0.5882352941176471	Absolutely not But mature games should be rated and parental discretion advised Labeling required.
5478	0.8	Trying to teach and educate youth by banning games is in contrary to to educating children to identifing wrong and deciding for their self's.
5492	0.5882352941176471	An increased complexity in video games is known to promotes intelligence in young people.
5519	0.8	It will not influence them, even minors can differentiate between reality and games, they feel empathy for others and don't want them to be hurt.
5642	0.6470588235294118	The sale of violent video games are already limited to minors. Perhaps we need more oversight on the ratings games receive but that's all.
5690	0.5882352941176471	Banning the sale of video games to minors will not prevent kids from playing them; normally, parents just buy these games for their kids anyway. That will not change.
5694	0.4666666666666667	Society forces children to act against their instincts of violence and this is a way to take them out without harming anyone else, what would happen without the games.
5750	0.6470588235294118	A ban would just make it more attractive to minors. Better to add a warning or advice for viewing the violence.
5786	0.5294117647058824	Violent games provide a way to release real-life stress without causing actual harms.
5805	0.9411764705882352	There has been little evidence that violent video games contribute to actual violence.
5823	0.4666666666666667	The real world shows consequences for the tiniest of offences, as well as being able to see and feel what your behaviour has done to another person, so even if games harmed, it'll be fixed.
5835	0.7058823529411765	children may freely find any violent content even if the relevant games will be restricted for them
5838	0.5333333333333333	Banning can make youth antagonistic towards the government wich disturb with their own freedom. There for will create a generation of that have anty government ideals.
5854	0.7333333333333333	If some parents do not want their children to play violent computer games, they can prevent their children from playing.
5866	0.4666666666666667	making something elegal will inevidebly make it more desirable, especially by young people
5876	0.7647058823529411	Violent video games are not inherently bad for minors, especially those over 15. It is in the hands of parents to have oversight on their children and how they react.
5908	0.6666666666666666	It's ineffective , we already band alcohol and they are still getting it
5911	0.7333333333333333	Kids have much more places to see violent acts like movies and the internet and video games are less real compared to other stuff that can be found, so why video games?
5915	0.9333333333333332	video game content is regulated and proper warnings allow for smart consuming of this media. banning the sale to minors would increase pirating which usually leads to even more violet content
5916	0.5882352941176471	Violent video games reduce crime, because they keep teenagers off the streets.
5928	0.4666666666666667	Violent games are unlikely to meaningfully effect children't behavior, especially since they have already been consuming violent tv and movies.
5946	0.8666666666666667	The supreme court has already ruled on banning violent video games, so it would be unconstitutional to do so anyway.
5956	0.5882352941176471	If we ban violent games then we should ban violent movies and violent news as well , violent games would only show a kid what's wrong , not do it in real-life
5984	0.9333333333333332	Parents are the ones buying the game to their children. We believe they are able to understand whether or not their child will be affected by such games or not, and to choose accordingly.
6017	0.8666666666666667	Video games are not realistic, children don't have a problem of differentiating what's ok in the game and what's ok in the real world
6026	0.6	The parents responsibility it to take The children education, so their for to decide and ban what they are playing
6061	0.7058823529411765	Truly violent children won't be swayed by violent games; at best, the games give them an outlet in a digital world and prevent real world violence, at worst the games simply don't affect them at all.
6068	0.8666666666666667	Banning violent video games does't solve the issue of real violence which is typically caused by discontent in the home or social tensions.
6073	0.8666666666666667	Kids will just get their parents to buy the violent games for them
6131	0.5333333333333333	Because of the standardized ESRB rating system, parents can make informed choices themselves over whether or not children should be able to play violent video games.
6145	0.8235294117647058	We have an age appropriate rating system for games, there should be no reason to ban them, parents need to be more responsible.
6182	0.7058823529411765	Parents should be gatekeepers of what minors do with their free time. They should decide what video games their kids play with.
6213	0.8666666666666667	Online retailers make the enforcement of this policy functionally impossible, since you can always lie about your age on the internet.
6252	0.8	Violent video games are usually focused on guns, cars and other items that a normal minor can't even reach. Therefore, banning those games is irrelevant.
6298	0.6470588235294118	Humans have a great capacity to distinguish between virtual and real worlds. When parents participate with children, even violent games can be a tool to teach empathy and critical thinking.
6319	0.4705882352941176	Disagree. Kids will find what they want. Bad can not be controlled... just contained. Education Is the key.
6330	0.4666666666666667	These games draw children's attention and that causes them to do less of more harmful things like porn in a young age, hacking and harassment onlinr
6376	0.8823529411764706	Even children know how to differentiate the digital world from the real world.
