id	annotatorid	label	a1	a2
5193_5045	goldLabel	a2	Gives consumers more information and more ability to compare prices and hence prevents them from spending more money than needed	It enables cheaper products by not needing to have physical store locations (which have rent), but only a warehouse.
5077_4959	goldLabel	a2	Increases consumption because it takes less time and effort to buy things. Economy is a matter of how many people believe in it and spend their money, thix increases the overall utility 	Online shopping help consumers to compare prices and quality of products because there are normally reviews of the products in the same page or in the network in general. 
5092_4908	goldLabel	a2	People are buying more things online, and for each transaction the target state receives taxes via VAT or customs, so more money can be used for governmental projects	Online shopping allows businesses and individuals to access a wider range of buyers, and makes it much easier to sell your own products, and therefore assists small businesses and the economy. 
5069_5153	goldLabel	a2	Reduces barriers of entry and therefore allows more competition which helps in the long rub	It is much cheaper than your local shop, because of scale and competition, so poor people have more access
5194_5045	goldLabel	a2	It makes selling stuff much easier through Amazon/Ebay, which means that more people can create, and buyers have more great options	It enables cheaper products by not needing to have physical store locations (which have rent), but only a warehouse.
4865_5069	goldLabel	a1	It's easier to start an online business than a traditional one, lowering the launching requirement of buisnesses.	Reduces barriers of entry and therefore allows more competition which helps in the long rub
5032_5092	goldLabel	a1	Online shops save time. Many people don't have the time to drive to the shop and walk between aisles, using online shops makes it much easier. 	People are buying more things online, and for each transaction the target state receives taxes via VAT or customs, so more money can be used for governmental projects
5045_5051	goldLabel	a2	It enables cheaper products by not needing to have physical store locations (which have rent), but only a warehouse.	Cheap prices of things on the net allow people to buy more products, thus contributing more to the economy.
4850_4865	goldLabel	a1	Online market is much less expensive to operate than traditional market and enhance profit. 	It's easier to start an online business than a traditional one, lowering the launching requirement of buisnesses.
4968_4908	goldLabel	a2	Online shopping allows people to buy products more cheaply than in their local stores, given that some products are produced more cheaply in other areas or countries, and that people can compare.	Online shopping allows businesses and individuals to access a wider range of buyers, and makes it much easier to sell your own products, and therefore assists small businesses and the economy. 
5077_4908	goldLabel	a2	Increases consumption because it takes less time and effort to buy things. Economy is a matter of how many people believe in it and spend their money, thix increases the overall utility 	Online shopping allows businesses and individuals to access a wider range of buyers, and makes it much easier to sell your own products, and therefore assists small businesses and the economy. 
4959_5250	goldLabel	a1	Online shopping help consumers to compare prices and quality of products because there are normally reviews of the products in the same page or in the network in general. 	Stuff you buy represent who you are. It is the easiest way to personalize yourself. When people have more options it makes this representation better. 
5013_5032	goldLabel	a1	Online shopping allows individuals to recieve their goods much more quickly than going to a store that sells that product, which is often important for their well being.	Online shops save time. Many people don't have the time to drive to the shop and walk between aisles, using online shops makes it much easier. 
5250_4881	goldLabel	a2	Stuff you buy represent who you are. It is the easiest way to personalize yourself. When people have more options it makes this representation better. 	It enables people to get exactly what they want, from anywhere in the world, not restricted by what's currently in stock of your local store's inventory.
5051_5069	goldLabel	a1	Cheap prices of things on the net allow people to buy more products, thus contributing more to the economy.	Reduces barriers of entry and therefore allows more competition which helps in the long rub
4850_5217	goldLabel	a2	Online market is much less expensive to operate than traditional market and enhance profit. 	Online shopping makes products more accessible to people who have difficulties leaving the house.
4968_5068	goldLabel	a1	Online shopping allows people to buy products more cheaply than in their local stores, given that some products are produced more cheaply in other areas or countries, and that people can compare.	Online shopping creates better market competition as now each company has to compete with other companies around the world, and the comparison between different providers is made simply by clicking a button.
5013_4881	goldLabel	a2	Online shopping allows individuals to recieve their goods much more quickly than going to a store that sells that product, which is often important for their well being.	It enables people to get exactly what they want, from anywhere in the world, not restricted by what's currently in stock of your local store's inventory.
5097_5035	goldLabel	a1	Online shopping also allows small shops to reach a large audience, thereby encouraging the creation of small businesses.	"Online shopping lowers the cost of products by ""cutting the middleman"", no money is wasted on constructing local shops, hiring local workers, etc."
5164_5035	goldLabel	a2	Online shops are cheaper since they need to spend less money on people such as cashiers, so people spend less money.	"Online shopping lowers the cost of products by ""cutting the middleman"", no money is wasted on constructing local shops, hiring local workers, etc."
5045_4865	goldLabel	a1	It enables cheaper products by not needing to have physical store locations (which have rent), but only a warehouse.	It's easier to start an online business than a traditional one, lowering the launching requirement of buisnesses.
5194_5250	goldLabel	a1	It makes selling stuff much easier through Amazon/Ebay, which means that more people can create, and buyers have more great options	Stuff you buy represent who you are. It is the easiest way to personalize yourself. When people have more options it makes this representation better.
5217_5163	goldLabel	a1	Online shopping makes products more accessible to people who have difficulties leaving the house.	It enables people to not waste valuable time by going to stores.
4858_5013	goldLabel	a1	Online shopping gives people access to a much wider pool of options when choosing to buy a certain product, so people can choose what's specifically best for them.	Online shopping allows individuals to recieve their goods much more quickly than going to a store that sells that product, which is often important for their well being.
5077_4997	goldLabel	a2	Increases consumption because it takes less time and effort to buy things. Economy is a matter of how many people believe in it and spend their money, thix increases the overall utility	Allows social mobility – because of the big competition the prices of crucial products (like computers and smartphones) also decrease, making it more affordable for people who otherwise wouldn't buy it.
4959_4968	goldLabel	a2	Online shopping help consumers to compare prices and quality of products because there are normally reviews of the products in the same page or in the network in general.	Online shopping allows people to buy products more cheaply than in their local stores, given that some products are produced more cheaply in other areas or countries, and that people can compare.
5193_5250	goldLabel	a1	Gives consumers more information and more ability to compare prices and hence prevents them from spending more money than needed	Stuff you buy represent who you are. It is the easiest way to personalize yourself. When people have more options it makes this representation better.
5097_5217	goldLabel	a2	Online shopping also allows small shops to reach a large audience, thereby encouraging the creation of small businesses.	Online shopping makes products more accessible to people who have difficulties leaving the house.
4864_5032	goldLabel	a1	Online shopping saves time: instead of going to the store, find parking, find the product in the store - for online shopping, open the laptop is all one needs to do.	Online shops save time. Many people don't have the time to drive to the shop and walk between aisles, using online shops makes it much easier.
5217_5118	goldLabel	a1	Online shopping makes products more accessible to people who have difficulties leaving the house.	Allows people a greater variety to select from and therefore increases happiness
5045_4934	goldLabel	a1	It enables cheaper products by not needing to have physical store locations (which have rent), but only a warehouse.	It enables redistribution of wealth through rich people buying from poorer areas instead of their local, richer, stores and manufacturers.
5077_4858	goldLabel	a2	Increases consumption because it takes less time and effort to buy things. Economy is a matter of how many people believe in it and spend their money, thix increases the overall utility	Online shopping gives people access to a much wider pool of options when choosing to buy a certain product, so people can choose what's specifically best for them.
5068_5013	goldLabel	a1	Online shopping creates better market competition as now each company has to compete with other companies around the world, and the comparison between different providers is made simply by clicking a button.	Online shopping allows individuals to recieve their goods much more quickly than going to a store that sells that product, which is often important for their well being.
5092_4881	goldLabel	a2	People are buying more things online, and for each transaction the target state receives taxes via VAT or customs, so more money can be used for governmental projects	It enables people to get exactly what they want, from anywhere in the world, not restricted by what's currently in stock of your local store's inventory.
5163_4865	goldLabel	a2	It enables people to not waste valuable time by going to stores.	It's easier to start an online business than a traditional one, lowering the launching requirement of buisnesses.
4968_4858	goldLabel	a2	Online shopping allows people to buy products more cheaply than in their local stores, given that some products are produced more cheaply in other areas or countries, and that people can compare.	Online shopping gives people access to a much wider pool of options when choosing to buy a certain product, so people can choose what's specifically best for them.
4908_4864	goldLabel	a1	Online shopping allows businesses and individuals to access a wider range of buyers, and makes it much easier to sell your own products, and therefore assists small businesses and the economy.	Online shopping saves time: instead of going to the store, find parking, find the product in the store - for online shopping, open the laptop is all one needs to do.
5164_5032	goldLabel	a2	Online shops are cheaper since they need to spend less money on people such as cashiers, so people spend less money.	Online shops save time. Many people don't have the time to drive to the shop and walk between aisles, using online shops makes it much easier.
5092_4959	goldLabel	a2	People are buying more things online, and for each transaction the target state receives taxes via VAT or customs, so more money can be used for governmental projects	Online shopping help consumers to compare prices and quality of products because there are normally reviews of the products in the same page or in the network in general.
5164_4881	goldLabel	a2	Online shops are cheaper since they need to spend less money on people such as cashiers, so people spend less money.	It enables people to get exactly what they want, from anywhere in the world, not restricted by what's currently in stock of your local store's inventory.
5013_4908	goldLabel	a2	Online shopping allows individuals to recieve their goods much more quickly than going to a store that sells that product, which is often important for their well being.	Online shopping allows businesses and individuals to access a wider range of buyers, and makes it much easier to sell your own products, and therefore assists small businesses and the economy.
4858_5250	goldLabel	a1	Online shopping gives people access to a much wider pool of options when choosing to buy a certain product, so people can choose what's specifically best for them.	Stuff you buy represent who you are. It is the easiest way to personalize yourself. When people have more options it makes this representation better.
4850_5051	goldLabel	a2	Online market is much less expensive to operate than traditional market and enhance profit.	Cheap prices of things on the net allow people to buy more products, thus contributing more to the economy.
4934_5035	goldLabel	a2	It enables redistribution of wealth through rich people buying from poorer areas instead of their local, richer, stores and manufacturers.	"Online shopping lowers the cost of products by ""cutting the middleman"", no money is wasted on constructing local shops, hiring local workers, etc."
5118_4865	goldLabel	a2	Allows people a greater variety to select from and therefore increases happiness	It's easier to start an online business than a traditional one, lowering the launching requirement of buisnesses.
4923_5032	goldLabel	a1	Given that the buyer knows what he wants to buy, online shopping let the buyer easily find the wanted product in the best available price	Online shops save time. Many people don't have the time to drive to the shop and walk between aisles, using online shops makes it much easier.
5153_5045	goldLabel	a1	It is much cheaper than your local shop, because of scale and competition, so poor people have more access	It enables cheaper products by not needing to have physical store locations (which have rent), but only a warehouse.
5069_5193	goldLabel	a2	Reduces barriers of entry and therefore allows more competition which helps in the long rub	Gives consumers more information and more ability to compare prices and hence prevents them from spending more money than needed
5250_4942	goldLabel	a2	Stuff you buy represent who you are. It is the easiest way to personalize yourself. When people have more options it makes this representation better.	Online shopping enables harnessing sophisticated data science techniques for accurate product suggestion. This can help the costumer find the most suitable products for improving the costumer life and happiness.
4858_5092	goldLabel	a1	Online shopping gives people access to a much wider pool of options when choosing to buy a certain product, so people can choose what's specifically best for them.	People are buying more things online, and for each transaction the target state receives taxes via VAT or customs, so more money can be used for governmental projects
4873_5032	goldLabel	a1	Online shopping help consumers to compare prices and quality of products because it's easier to compare both products and suppliers, as well as their terms in an objective way.	Online shops save time. Many people don't have the time to drive to the shop and walk between aisles, using online shops makes it much easier.
4968_5093	goldLabel	a1	Online shopping allows people to buy products more cheaply than in their local stores, given that some products are produced more cheaply in other areas or countries, and that people can compare.	Online shopping make information sharing about products, services and stores very efficient, which leads to the right smart decision for the costumers and drive the market forward.
4858_4873	goldLabel	a1	Online shopping gives people access to a much wider pool of options when choosing to buy a certain product, so people can choose what's specifically best for them.	Online shopping help consumers to compare prices and quality of products because it's easier to compare both products and suppliers, as well as their terms in an objective way.
5212_4969	goldLabel	a2	Increases the amount of small businesses. It is now easier to maintain a business because money doesn't need to be paid on a physical space.	Shopping online makes it easy to find the cheapest product. It is much easier to compare two sites than to compare two distant stores.
4951_5077	goldLabel	a1	Online shopping lets traders from third world countries sale infinite amount of goods to costumers in develop countries with almost none middle man overhead. That results in lower pricing and great benefit to both sides.	Increases consumption because it takes less time and effort to buy things. Economy is a matter of how many people believe in it and spend their money, thix increases the overall utility
5011_4968	goldLabel	a2	There are reviews on products, so you know which seller to buy from, and there are many different sellers so you can choose the best one, unlike normal shops where there is less competition.	Online shopping allows people to buy products more cheaply than in their local stores, given that some products are produced more cheaply in other areas or countries, and that people can compare.
4934_4865	goldLabel	a1	It enables redistribution of wealth through rich people buying from poorer areas instead of their local, richer, stores and manufacturers.	It's easier to start an online business than a traditional one, lowering the launching requirement of buisnesses.
4850_5153	goldLabel	a2	Online market is much less expensive to operate than traditional market and enhance profit.	It is much cheaper than your local shop, because of scale and competition, so poor people have more access
5055_4958	goldLabel	a1	Online shopping makes it easier to compare prices and products helping people choose the best one for them.	Online shopping makes the entry to the market easier, thus creating more competition.
4934_5109	goldLabel	a2	It enables redistribution of wealth through rich people buying from poorer areas instead of their local, richer, stores and manufacturers.	Online shopping is opening the market for small-time businesses which up until now relied on local consumers and now can expand and create more jobs.
5011_5181	goldLabel	a2	There are reviews on products, so you know which seller to buy from, and there are many different sellers so you can choose the best one, unlike normal shops where there is less competition.	Online shopping takes free market to its best, enabling basically everyone to compete in the market and provides easier information for the buyer about prices and quality of many items and many stores.
4941_4881	goldLabel	a2	The great amount of products in the market, their low prices and quick shipping allow people a greater freedom of creation and self expression.	It enables people to get exactly what they want, from anywhere in the world, not restricted by what's currently in stock of your local store's inventory.
5055_5045	goldLabel	a1	Online shopping makes it easier to compare prices and products helping people choose the best one for them.	It enables cheaper products by not needing to have physical store locations (which have rent), but only a warehouse.
5250_4899	goldLabel	a2	Stuff you buy represent who you are. It is the easiest way to personalize yourself. When people have more options it makes this representation better.	Online shopping is easier, making it more convenient for people that lack time to buy necessary things like groceries and household items.
5181_5070	goldLabel	a1	Online shopping takes free market to its best, enabling basically everyone to compete in the market and provides easier information for the buyer about prices and quality of many items and many stores.	Online shopping is making the consumer market a true global village, allowing retailers to focus on cheap products and low prices, or on quality and high prices, so each retailer can find his target audience
5175_5093	goldLabel	a2	Minorities have more access to stuff they need. Eg, clothes for gays, artifacts from abroad to ethnic minorities Otherwise many of those things are not accessible to many people who need them	Online shopping make information sharing about products, services and stores very efficient, which leads to the right smart decision for the costumers and drive the market forward.
5045_5035	goldLabel	a2	It enables cheaper products by not needing to have physical store locations (which have rent), but only a warehouse.	"Online shopping lowers the cost of products by ""cutting the middleman"", no money is wasted on constructing local shops, hiring local workers, etc."
5097_4865	goldLabel	a1	Online shopping also allows small shops to reach a large audience, thereby encouraging the creation of small businesses.	It's easier to start an online business than a traditional one, lowering the launching requirement of buisnesses.
5118_4958	goldLabel	a1	Allows people a greater variety to select from and therefore increases happiness	Online shopping makes the entry to the market easier, thus creating more competition.
5077_5070	goldLabel	a2	Increases consumption because it takes less time and effort to buy things. Economy is a matter of how many people believe in it and spend their money, thix increases the overall utility	Online shopping is making the consumer market a true global village, allowing retailers to focus on cheap products and low prices, or on quality and high prices, so each retailer can find his target audience
4969_5164	goldLabel	a1	Shopping online makes it easy to find the cheapest product. It is much easier to compare two sites than to compare two distant stores.	Online shops are cheaper since they need to spend less money on people such as cashiers, so people spend less money.
4858_4864	goldLabel	a1	Online shopping gives people access to a much wider pool of options when choosing to buy a certain product, so people can choose what's specifically best for them.	Online shopping saves time: instead of going to the store, find parking, find the product in the store - for online shopping, open the laptop is all one needs to do.
5045_4969	goldLabel	a2	It enables cheaper products by not needing to have physical store locations (which have rent), but only a warehouse.	Shopping online makes it easy to find the cheapest product. It is much easier to compare two sites than to compare two distant stores.
4864_5070	goldLabel	a2	Online shopping saves time: instead of going to the store, find parking, find the product in the store - for online shopping, open the laptop is all one needs to do.	Online shopping is making the consumer market a true global village, allowing retailers to focus on cheap products and low prices, or on quality and high prices, so each retailer can find his target audience
4899_4934	goldLabel	a1	Online shopping is easier, making it more convenient for people that lack time to buy necessary things like groceries and household items.	It enables redistribution of wealth through rich people buying from poorer areas instead of their local, richer, stores and manufacturers.
4942_4881	goldLabel	a2	Online shopping enables harnessing sophisticated data science techniques for accurate product suggestion. This can help the costumer find the most suitable products for improving the costumer life and happiness.	It enables people to get exactly what they want, from anywhere in the world, not restricted by what's currently in stock of your local store's inventory.
4942_4955	goldLabel	a2	Online shopping enables harnessing sophisticated data science techniques for accurate product suggestion. This can help the costumer find the most suitable products for improving the costumer life and happiness.	Online shopping helps citizens of developing countries, as it both makes products that aren't produced in the country more available, and enables selling ones products to western customers that can pay better for them.
5069_5163	goldLabel	a2	Reduces barriers of entry and therefore allows more competition which helps in the long rub	It enables people to not waste valuable time by going to stores.
5093_5013	goldLabel	a1	Online shopping make information sharing about products, services and stores very efficient, which leads to the right smart decision for the costumers and drive the market forward.	Online shopping allows individuals to recieve their goods much more quickly than going to a store that sells that product, which is often important for their well being.
4969_5013	goldLabel	a1	Shopping online makes it easy to find the cheapest product. It is much easier to compare two sites than to compare two distant stores.	Online shopping allows individuals to recieve their goods much more quickly than going to a store that sells that product, which is often important for their well being.
4850_4958	goldLabel	a2	Online market is much less expensive to operate than traditional market and enhance profit.	Online shopping makes the entry to the market easier, thus creating more competition.
4934_4895	goldLabel	a1	It enables redistribution of wealth through rich people buying from poorer areas instead of their local, richer, stores and manufacturers.	Online shopping saves the time of the consumer as he does not have to go to a specific store to order the product he needs.
5069_5097	goldLabel	a2	Reduces barriers of entry and therefore allows more competition which helps in the long rub	Online shopping also allows small shops to reach a large audience, thereby encouraging the creation of small businesses.
4997_5092	goldLabel	a1	Allows social mobility – because of the big competition the prices of crucial products (like computers and smartphones) also decrease, making it more affordable for people who otherwise wouldn't buy it.	People are buying more things online, and for each transaction the target state receives taxes via VAT or customs, so more money can be used for governmental projects
4957_4923	goldLabel	a1	Online shopping can improve the quality of a person's life by giving them access to goods and services that are not available in their local communities.	Given that the buyer knows what he wants to buy, online shopping let the buyer easily find the wanted product in the best available price
4864_4955	goldLabel	a2	Online shopping saves time: instead of going to the store, find parking, find the product in the store - for online shopping, open the laptop is all one needs to do.	Online shopping helps citizens of developing countries, as it both makes products that aren't produced in the country more available, and enables selling ones products to western customers that can pay better for them.
4873_4955	goldLabel	a2	Online shopping help consumers to compare prices and quality of products because it's easier to compare both products and suppliers, as well as their terms in an objective way.	Online shopping helps citizens of developing countries, as it both makes products that aren't produced in the country more available, and enables selling ones products to western customers that can pay better for them.
5250_5109	goldLabel	a2	Stuff you buy represent who you are. It is the easiest way to personalize yourself. When people have more options it makes this representation better.	Online shopping is opening the market for small-time businesses which up until now relied on local consumers and now can expand and create more jobs.
5109_5092	goldLabel	a1	Online shopping is opening the market for small-time businesses which up until now relied on local consumers and now can expand and create more jobs.	People are buying more things online, and for each transaction the target state receives taxes via VAT or customs, so more money can be used for governmental projects
5077_5215	goldLabel	a2	Increases consumption because it takes less time and effort to buy things. Economy is a matter of how many people believe in it and spend their money, thix increases the overall utility	There is a big emphasis of quality because of the input of online reviews by other buyers. There is an incentive for the manufacturer to make good products and the consumer is saved from cheating.
4957_5212	goldLabel	a1	Online shopping can improve the quality of a person's life by giving them access to goods and services that are not available in their local communities.	Increases the amount of small businesses. It is now easier to maintain a business because money doesn't need to be paid on a physical space.
5212_5035	goldLabel	a2	Increases the amount of small businesses. It is now easier to maintain a business because money doesn't need to be paid on a physical space.	"Online shopping lowers the cost of products by ""cutting the middleman"", no money is wasted on constructing local shops, hiring local workers, etc."
5099_5118	goldLabel	a1	Online shopping promotes international awareness by allowing easier exchange of goods between nations.	Allows people a greater variety to select from and therefore increases happiness
5034_5163	goldLabel	a1	online shopping usually has a larger variety of products, bringing customers to the thing that suits them most	It enables people to not waste valuable time by going to stores.
5153_5035	goldLabel	a2	It is much cheaper than your local shop, because of scale and competition, so poor people have more access	"Online shopping lowers the cost of products by ""cutting the middleman"", no money is wasted on constructing local shops, hiring local workers, etc."
4955_5077	goldLabel	a1	Online shopping helps citizens of developing countries, as it both makes products that aren't produced in the country more available, and enables selling ones products to western customers that can pay better for them.	Increases consumption because it takes less time and effort to buy things. Economy is a matter of how many people believe in it and spend their money, thix increases the overall utility
4968_4951	goldLabel	a1	Online shopping allows people to buy products more cheaply than in their local stores, given that some products are produced more cheaply in other areas or countries, and that people can compare.	Online shopping lets traders from third world countries sale infinite amount of goods to costumers in develop countries with almost none middle man overhead. That results in lower pricing and great benefit to both sides.
5099_5034	goldLabel	a1	Online shopping promotes international awareness by allowing easier exchange of goods between nations.	online shopping usually has a larger variety of products, bringing customers to the thing that suits them most
4908_4941	goldLabel	a1	Online shopping allows businesses and individuals to access a wider range of buyers, and makes it much easier to sell your own products, and therefore assists small businesses and the economy.	The great amount of products in the market, their low prices and quick shipping allow people a greater freedom of creation and self expression.
5013_4951	goldLabel	a2	Online shopping allows individuals to recieve their goods much more quickly than going to a store that sells that product, which is often important for their well being.	Online shopping lets traders from third world countries sale infinite amount of goods to costumers in develop countries with almost none middle man overhead. That results in lower pricing and great benefit to both sides.
4884_5118	goldLabel	a1	There is a greater variety of products in the market because manufacturers are not subjected to beaurocratical restrictions.	Allows people a greater variety to select from and therefore increases happiness
4910_5077	goldLabel	a1	Online shopping could actually help small business owners grow their business by giving them access to a wider network of potential customers than they could have in their local community alone.	Increases consumption because it takes less time and effort to buy things. Economy is a matter of how many people believe in it and spend their money, thix increases the overall utility
5099_4924	goldLabel	a2	Online shopping promotes international awareness by allowing easier exchange of goods between nations.	Online shopping helps niche products access clients from around the world, making it possible for them to exist.
5068_4910	goldLabel	a2	Online shopping creates better market competition as now each company has to compete with other companies around the world, and the comparison between different providers is made simply by clicking a button.	Online shopping could actually help small business owners grow their business by giving them access to a wider network of potential customers than they could have in their local community alone.
4884_4977	goldLabel	a2	There is a greater variety of products in the market because manufacturers are not subjected to beaurocratical restrictions.	Online shopping provides individuals with more choices which is always good because it allows them to more thoroughly fulfill their specific preferences.
5069_5201	goldLabel	a2	Reduces barriers of entry and therefore allows more competition which helps in the long rub	Online shops makes it possible to get unique things people won't get otherwise in normal shops, which makes people happier.
5092_5194	goldLabel	a1	People are buying more things online, and for each transaction the target state receives taxes via VAT or customs, so more money can be used for governmental projects	It makes selling stuff much easier through Amazon/Ebay, which means that more people can create, and buyers have more great options
5165_4955	goldLabel	a2	Online shopping brings more good than harm because it reduces waste by not requiring businesses to keep product on the shelves even if it is not selling.	Online shopping helps citizens of developing countries, as it both makes products that aren't produced in the country more available, and enables selling ones products to western customers that can pay better for them.
4947_4864	goldLabel	a2	People buy more rationally online since they can choose the products and then think over time what do they actually need, unlikely normal shops where you can't just leave the cart there and return tomorrow.	Online shopping saves time: instead of going to the store, find parking, find the product in the store - for online shopping, open the laptop is all one needs to do.
5217_5166	goldLabel	a1	Online shopping makes products more accessible to people who have difficulties leaving the house.	Online shopping does not bring more harm than good because it increases the freedom of choice for people in rural areas.
4951_4864	goldLabel	a1	Online shopping lets traders from third world countries sale infinite amount of goods to costumers in develop countries with almost none middle man overhead. That results in lower pricing and great benefit to both sides.	Online shopping saves time: instead of going to the store, find parking, find the product in the store - for online shopping, open the laptop is all one needs to do.
5212_4977	goldLabel	a2	Increases the amount of small businesses. It is now easier to maintain a business because money doesn't need to be paid on a physical space.	Online shopping provides individuals with more choices which is always good because it allows them to more thoroughly fulfill their specific preferences.
4923_4899	goldLabel	a2	Given that the buyer knows what he wants to buy, online shopping let the buyer easily find the wanted product in the best available price	Online shopping is easier, making it more convenient for people that lack time to buy necessary things like groceries and household items.
5045_4923	goldLabel	a2	It enables cheaper products by not needing to have physical store locations (which have rent), but only a warehouse.	Given that the buyer knows what he wants to buy, online shopping let the buyer easily find the wanted product in the best available price
5175_4923	goldLabel	a1	Minorities have more access to stuff they need. Eg, clothes for gays, artifacts from abroad to ethnic minorities Otherwise many of those things are not accessible to many people who need them	Given that the buyer knows what he wants to buy, online shopping let the buyer easily find the wanted product in the best available price
5212_5109	goldLabel	a2	Increases the amount of small businesses. It is now easier to maintain a business because money doesn't need to be paid on a physical space.	Online shopping is opening the market for small-time businesses which up until now relied on local consumers and now can expand and create more jobs.
4924_5163	goldLabel	a1	Online shopping helps niche products access clients from around the world, making it possible for them to exist.	It enables people to not waste valuable time by going to stores.
5181_4908	goldLabel	a1	Online shopping takes free market to its best, enabling basically everyone to compete in the market and provides easier information for the buyer about prices and quality of many items and many stores.	Online shopping allows businesses and individuals to access a wider range of buyers, and makes it much easier to sell your own products, and therefore assists small businesses and the economy.
4958_5217	goldLabel	a2	Online shopping makes the entry to the market easier, thus creating more competition.	Online shopping makes products more accessible to people who have difficulties leaving the house.
4908_5165	goldLabel	a1	Online shopping allows businesses and individuals to access a wider range of buyers, and makes it much easier to sell your own products, and therefore assists small businesses and the economy.	Online shopping brings more good than harm because it reduces waste by not requiring businesses to keep product on the shelves even if it is not selling.
4850_5193	goldLabel	a2	Online market is much less expensive to operate than traditional market and enhance profit.	Gives consumers more information and more ability to compare prices and hence prevents them from spending more money than needed
5045_4958	goldLabel	a2	It enables cheaper products by not needing to have physical store locations (which have rent), but only a warehouse.	Online shopping makes the entry to the market easier, thus creating more competition.
4941_5032	goldLabel	a2	The great amount of products in the market, their low prices and quick shipping allow people a greater freedom of creation and self expression.	Online shops save time. Many people don't have the time to drive to the shop and walk between aisles, using online shops makes it much easier.
4959_4941	goldLabel	a1	Online shopping help consumers to compare prices and quality of products because there are normally reviews of the products in the same page or in the network in general.	The great amount of products in the market, their low prices and quick shipping allow people a greater freedom of creation and self expression.
4942_5032	goldLabel	a1	Online shopping enables harnessing sophisticated data science techniques for accurate product suggestion. This can help the costumer find the most suitable products for improving the costumer life and happiness.	Online shops save time. Many people don't have the time to drive to the shop and walk between aisles, using online shops makes it much easier.
5165_4959	goldLabel	a2	Online shopping brings more good than harm because it reduces waste by not requiring businesses to keep product on the shelves even if it is not selling.	Online shopping help consumers to compare prices and quality of products because there are normally reviews of the products in the same page or in the network in general.
5013_5166	goldLabel	a1	Online shopping allows individuals to recieve their goods much more quickly than going to a store that sells that product, which is often important for their well being.	Online shopping does not bring more harm than good because it increases the freedom of choice for people in rural areas.
5215_5092	goldLabel	a1	There is a big emphasis of quality because of the input of online reviews by other buyers. There is an incentive for the manufacturer to make good products and the consumer is saved from cheating.	People are buying more things online, and for each transaction the target state receives taxes via VAT or customs, so more money can be used for governmental projects
5068_5181	goldLabel	a2	Online shopping creates better market competition as now each company has to compete with other companies around the world, and the comparison between different providers is made simply by clicking a button.	Online shopping takes free market to its best, enabling basically everyone to compete in the market and provides easier information for the buyer about prices and quality of many items and many stores.
5164_4865	goldLabel	a1	Online shops are cheaper since they need to spend less money on people such as cashiers, so people spend less money.	It's easier to start an online business than a traditional one, lowering the launching requirement of buisnesses.
4884_5035	goldLabel	a2	There is a greater variety of products in the market because manufacturers are not subjected to beaurocratical restrictions.	"Online shopping lowers the cost of products by ""cutting the middleman"", no money is wasted on constructing local shops, hiring local workers, etc."
4905_4955	goldLabel	a2	Online shopping does not bring more harm than good because it makes it easier to buy goods for friends or relatives who have a hard time shopping for themselves, like the elderly.	Online shopping helps citizens of developing countries, as it both makes products that aren't produced in the country more available, and enables selling ones products to western customers that can pay better for them.
5166_5032	goldLabel	a1	Online shopping does not bring more harm than good because it increases the freedom of choice for people in rural areas.	Online shops save time. Many people don't have the time to drive to the shop and walk between aisles, using online shops makes it much easier.
5068_5165	goldLabel	a1	Online shopping creates better market competition as now each company has to compete with other companies around the world, and the comparison between different providers is made simply by clicking a button.	Online shopping brings more good than harm because it reduces waste by not requiring businesses to keep product on the shelves even if it is not selling.
4947_4968	goldLabel	a2	People buy more rationally online since they can choose the products and then think over time what do they actually need, unlikely normal shops where you can't just leave the cart there and return tomorrow.	Online shopping allows people to buy products more cheaply than in their local stores, given that some products are produced more cheaply in other areas or countries, and that people can compare.
4873_5070	goldLabel	a1	Online shopping help consumers to compare prices and quality of products because it's easier to compare both products and suppliers, as well as their terms in an objective way.	Online shopping is making the consumer market a true global village, allowing retailers to focus on cheap products and low prices, or on quality and high prices, so each retailer can find his target audience
5175_4951	goldLabel	a2	Minorities have more access to stuff they need. Eg, clothes for gays, artifacts from abroad to ethnic minorities Otherwise many of those things are not accessible to many people who need them	Online shopping lets traders from third world countries sale infinite amount of goods to costumers in develop countries with almost none middle man overhead. That results in lower pricing and great benefit to both sides.
4910_4881	goldLabel	a1	Online shopping could actually help small business owners grow their business by giving them access to a wider network of potential customers than they could have in their local community alone.	It enables people to get exactly what they want, from anywhere in the world, not restricted by what's currently in stock of your local store's inventory.
4864_5068	goldLabel	a2	Online shopping saves time: instead of going to the store, find parking, find the product in the store - for online shopping, open the laptop is all one needs to do.	Online shopping creates better market competition as now each company has to compete with other companies around the world, and the comparison between different providers is made simply by clicking a button.
4884_5217	goldLabel	a2	There is a greater variety of products in the market because manufacturers are not subjected to beaurocratical restrictions.	Online shopping makes products more accessible to people who have difficulties leaving the house.
4873_4881	goldLabel	a1	Online shopping help consumers to compare prices and quality of products because it's easier to compare both products and suppliers, as well as their terms in an objective way.	It enables people to get exactly what they want, from anywhere in the world, not restricted by what's currently in stock of your local store's inventory.
5175_4997	goldLabel	a2	Minorities have more access to stuff they need. Eg, clothes for gays, artifacts from abroad to ethnic minorities Otherwise many of those things are not accessible to many people who need them	Allows social mobility – because of the big competition the prices of crucial products (like computers and smartphones) also decrease, making it more affordable for people who otherwise wouldn't buy it.
5164_5217	goldLabel	a2	Online shops are cheaper since they need to spend less money on people such as cashiers, so people spend less money.	Online shopping makes products more accessible to people who have difficulties leaving the house.
5212_5194	goldLabel	a2	Increases the amount of small businesses. It is now easier to maintain a business because money doesn't need to be paid on a physical space.	It makes selling stuff much easier through Amazon/Ebay, which means that more people can create, and buyers have more great options
5175_4955	goldLabel	a2	Minorities have more access to stuff they need. Eg, clothes for gays, artifacts from abroad to ethnic minorities Otherwise many of those things are not accessible to many people who need them	Online shopping helps citizens of developing countries, as it both makes products that aren't produced in the country more available, and enables selling ones products to western customers that can pay better for them.
4905_5250	goldLabel	a1	Online shopping does not bring more harm than good because it makes it easier to buy goods for friends or relatives who have a hard time shopping for themselves, like the elderly.	Stuff you buy represent who you are. It is the easiest way to personalize yourself. When people have more options it makes this representation better.
5109_4884	goldLabel	a1	Online shopping is opening the market for small-time businesses which up until now relied on local consumers and now can expand and create more jobs.	There is a greater variety of products in the market because manufacturers are not subjected to beaurocratical restrictions.
4923_5035	goldLabel	a2	Given that the buyer knows what he wants to buy, online shopping let the buyer easily find the wanted product in the best available price	"Online shopping lowers the cost of products by ""cutting the middleman"", no money is wasted on constructing local shops, hiring local workers, etc."
5095_4905	goldLabel	a1	Online shopping is an amazing innovation of the modern era; it enables busy people to still lead quality lives and obtain the things they need without having to waste time getting to and from storefronts.	Online shopping does not bring more harm than good because it makes it easier to buy goods for friends or relatives who have a hard time shopping for themselves, like the elderly.
5070_4905	goldLabel	a1	Online shopping is making the consumer market a true global village, allowing retailers to focus on cheap products and low prices, or on quality and high prices, so each retailer can find his target audience	Online shopping does not bring more harm than good because it makes it easier to buy goods for friends or relatives who have a hard time shopping for themselves, like the elderly.
5097_4850	goldLabel	a1	Online shopping also allows small shops to reach a large audience, thereby encouraging the creation of small businesses.	Online market is much less expensive to operate than traditional market and enhance profit.
4997_5251	goldLabel	a1	Allows social mobility – because of the big competition the prices of crucial products (like computers and smartphones) also decrease, making it more affordable for people who otherwise wouldn't buy it.	Online shopping brings more good than harm because it is harder for governments to regulate, which means that repressive laws have less control over adults' decisions.
5092_5035	goldLabel	a2	People are buying more things online, and for each transaction the target state receives taxes via VAT or customs, so more money can be used for governmental projects	"Online shopping lowers the cost of products by ""cutting the middleman"", no money is wasted on constructing local shops, hiring local workers, etc."
4997_5013	goldLabel	a1	Allows social mobility – because of the big competition the prices of crucial products (like computers and smartphones) also decrease, making it more affordable for people who otherwise wouldn't buy it.	Online shopping allows individuals to recieve their goods much more quickly than going to a store that sells that product, which is often important for their well being.
4881_5165	goldLabel	a1	It enables people to get exactly what they want, from anywhere in the world, not restricted by what's currently in stock of your local store's inventory.	Online shopping brings more good than harm because it reduces waste by not requiring businesses to keep product on the shelves even if it is not selling.
4910_5070	goldLabel	a1	Online shopping could actually help small business owners grow their business by giving them access to a wider network of potential customers than they could have in their local community alone.	Online shopping is making the consumer market a true global village, allowing retailers to focus on cheap products and low prices, or on quality and high prices, so each retailer can find his target audience
5215_5175	goldLabel	a1	There is a big emphasis of quality because of the input of online reviews by other buyers. There is an incentive for the manufacturer to make good products and the consumer is saved from cheating.	Minorities have more access to stuff they need. Eg, clothes for gays, artifacts from abroad to ethnic minorities Otherwise many of those things are not accessible to many people who need them
5034_5045	goldLabel	a1	online shopping usually has a larger variety of products, bringing customers to the thing that suits them most	It enables cheaper products by not needing to have physical store locations (which have rent), but only a warehouse.
5099_5201	goldLabel	a1	Online shopping promotes international awareness by allowing easier exchange of goods between nations.	Online shops makes it possible to get unique things people won't get otherwise in normal shops, which makes people happier.
5153_5118	goldLabel	a1	It is much cheaper than your local shop, because of scale and competition, so poor people have more access	Allows people a greater variety to select from and therefore increases happiness
5166_4881	goldLabel	a2	Online shopping does not bring more harm than good because it increases the freedom of choice for people in rural areas.	It enables people to get exactly what they want, from anywhere in the world, not restricted by what's currently in stock of your local store's inventory.
5013_5215	goldLabel	a1	Online shopping allows individuals to recieve their goods much more quickly than going to a store that sells that product, which is often important for their well being.	There is a big emphasis of quality because of the input of online reviews by other buyers. There is an incentive for the manufacturer to make good products and the consumer is saved from cheating.
5164_4895	goldLabel	a1	Online shops are cheaper since they need to spend less money on people such as cashiers, so people spend less money.	Online shopping saves the time of the consumer as he does not have to go to a specific store to order the product he needs.
4899_5013	goldLabel	a1	Online shopping is easier, making it more convenient for people that lack time to buy necessary things like groceries and household items.	Online shopping allows individuals to recieve their goods much more quickly than going to a store that sells that product, which is often important for their well being.
4864_5095	goldLabel	a2	Online shopping saves time: instead of going to the store, find parking, find the product in the store - for online shopping, open the laptop is all one needs to do.	Online shopping is an amazing innovation of the modern era; it enables busy people to still lead quality lives and obtain the things they need without having to waste time getting to and from storefronts.
5118_5097	goldLabel	a2	Allows people a greater variety to select from and therefore increases happiness	Online shopping also allows small shops to reach a large audience, thereby encouraging the creation of small businesses.
5153_5109	goldLabel	a2	It is much cheaper than your local shop, because of scale and competition, so poor people have more access	Online shopping is opening the market for small-time businesses which up until now relied on local consumers and now can expand and create more jobs.
4968_5095	goldLabel	a1	Online shopping allows people to buy products more cheaply than in their local stores, given that some products are produced more cheaply in other areas or countries, and that people can compare.	Online shopping is an amazing innovation of the modern era; it enables busy people to still lead quality lives and obtain the things they need without having to waste time getting to and from storefronts.
5011_4942	goldLabel	a2	There are reviews on products, so you know which seller to buy from, and there are many different sellers so you can choose the best one, unlike normal shops where there is less competition.	Online shopping enables harnessing sophisticated data science techniques for accurate product suggestion. This can help the costumer find the most suitable products for improving the costumer life and happiness.
4977_5092	goldLabel	a1	Online shopping provides individuals with more choices which is always good because it allows them to more thoroughly fulfill their specific preferences.	People are buying more things online, and for each transaction the target state receives taxes via VAT or customs, so more money can be used for governmental projects
4977_5097	goldLabel	a1	Online shopping provides individuals with more choices which is always good because it allows them to more thoroughly fulfill their specific preferences.	Online shopping also allows small shops to reach a large audience, thereby encouraging the creation of small businesses.
5055_5164	goldLabel	a1	Online shopping makes it easier to compare prices and products helping people choose the best one for them.	Online shops are cheaper since they need to spend less money on people such as cashiers, so people spend less money.
4850_5099	goldLabel	a2	Online market is much less expensive to operate than traditional market and enhance profit.	Online shopping promotes international awareness by allowing easier exchange of goods between nations.
4977_5153	goldLabel	a1	Online shopping provides individuals with more choices which is always good because it allows them to more thoroughly fulfill their specific preferences.	It is much cheaper than your local shop, because of scale and competition, so poor people have more access
4968_5070	goldLabel	a2	Online shopping allows people to buy products more cheaply than in their local stores, given that some products are produced more cheaply in other areas or countries, and that people can compare.	Online shopping is making the consumer market a true global village, allowing retailers to focus on cheap products and low prices, or on quality and high prices, so each retailer can find his target audience
5251_5193	goldLabel	a2	Online shopping brings more good than harm because it is harder for governments to regulate, which means that repressive laws have less control over adults' decisions.	Gives consumers more information and more ability to compare prices and hence prevents them from spending more money than needed
4908_4942	goldLabel	a1	Online shopping allows businesses and individuals to access a wider range of buyers, and makes it much easier to sell your own products, and therefore assists small businesses and the economy.	Online shopping enables harnessing sophisticated data science techniques for accurate product suggestion. This can help the costumer find the most suitable products for improving the costumer life and happiness.
5201_5251	goldLabel	a1	Online shops makes it possible to get unique things people won't get otherwise in normal shops, which makes people happier.	Online shopping brings more good than harm because it is harder for governments to regulate, which means that repressive laws have less control over adults' decisions.
4924_4923	goldLabel	a2	Online shopping helps niche products access clients from around the world, making it possible for them to exist.	Given that the buyer knows what he wants to buy, online shopping let the buyer easily find the wanted product in the best available price
4942_5068	goldLabel	a2	Online shopping enables harnessing sophisticated data science techniques for accurate product suggestion. This can help the costumer find the most suitable products for improving the costumer life and happiness.	Online shopping creates better market competition as now each company has to compete with other companies around the world, and the comparison between different providers is made simply by clicking a button.
4924_5212	goldLabel	a2	Online shopping helps niche products access clients from around the world, making it possible for them to exist.	Increases the amount of small businesses. It is now easier to maintain a business because money doesn't need to be paid on a physical space.
5034_5250	goldLabel	a1	online shopping usually has a larger variety of products, bringing customers to the thing that suits them most	Stuff you buy represent who you are. It is the easiest way to personalize yourself. When people have more options it makes this representation better.
4934_5055	goldLabel	a2	It enables redistribution of wealth through rich people buying from poorer areas instead of their local, richer, stores and manufacturers.	Online shopping makes it easier to compare prices and products helping people choose the best one for them.
5181_5032	goldLabel	a1	Online shopping takes free market to its best, enabling basically everyone to compete in the market and provides easier information for the buyer about prices and quality of many items and many stores.	Online shops save time. Many people don't have the time to drive to the shop and walk between aisles, using online shops makes it much easier.
5097_5109	goldLabel	a2	Online shopping also allows small shops to reach a large audience, thereby encouraging the creation of small businesses.	Online shopping is opening the market for small-time businesses which up until now relied on local consumers and now can expand and create more jobs.
5095_4873	goldLabel	a2	Online shopping is an amazing innovation of the modern era; it enables busy people to still lead quality lives and obtain the things they need without having to waste time getting to and from storefronts.	Online shopping help consumers to compare prices and quality of products because it's easier to compare both products and suppliers, as well as their terms in an objective way.
4873_5251	goldLabel	a1	Online shopping help consumers to compare prices and quality of products because it's easier to compare both products and suppliers, as well as their terms in an objective way.	Online shopping brings more good than harm because it is harder for governments to regulate, which means that repressive laws have less control over adults' decisions.
4959_5181	goldLabel	a2	Online shopping help consumers to compare prices and quality of products because there are normally reviews of the products in the same page or in the network in general.	Online shopping takes free market to its best, enabling basically everyone to compete in the market and provides easier information for the buyer about prices and quality of many items and many stores.
5163_5055	goldLabel	a2	It enables people to not waste valuable time by going to stores.	Online shopping makes it easier to compare prices and products helping people choose the best one for them.
5034_5212	goldLabel	a2	online shopping usually has a larger variety of products, bringing customers to the thing that suits them most	Increases the amount of small businesses. It is now easier to maintain a business because money doesn't need to be paid on a physical space.
4905_5251	goldLabel	a1	Online shopping does not bring more harm than good because it makes it easier to buy goods for friends or relatives who have a hard time shopping for themselves, like the elderly.	Online shopping brings more good than harm because it is harder for governments to regulate, which means that repressive laws have less control over adults' decisions.
5069_5194	goldLabel	a2	Reduces barriers of entry and therefore allows more competition which helps in the long rub	It makes selling stuff much easier through Amazon/Ebay, which means that more people can create, and buyers have more great options
5250_4924	goldLabel	a2	Stuff you buy represent who you are. It is the easiest way to personalize yourself. When people have more options it makes this representation better.	Online shopping helps niche products access clients from around the world, making it possible for them to exist.
4864_4895	goldLabel	a1	Online shopping saves time: instead of going to the store, find parking, find the product in the store - for online shopping, open the laptop is all one needs to do.	Online shopping saves the time of the consumer as he does not have to go to a specific store to order the product he needs.
5166_5069	goldLabel	a1	Online shopping does not bring more harm than good because it increases the freedom of choice for people in rural areas.	Reduces barriers of entry and therefore allows more competition which helps in the long rub
4910_4959	goldLabel	a1	Online shopping could actually help small business owners grow their business by giving them access to a wider network of potential customers than they could have in their local community alone.	Online shopping help consumers to compare prices and quality of products because there are normally reviews of the products in the same page or in the network in general.
5077_5011	goldLabel	a2	Increases consumption because it takes less time and effort to buy things. Economy is a matter of how many people believe in it and spend their money, thix increases the overall utility	There are reviews on products, so you know which seller to buy from, and there are many different sellers so you can choose the best one, unlike normal shops where there is less competition.
4955_4910	goldLabel	a2	Online shopping helps citizens of developing countries, as it both makes products that aren't produced in the country more available, and enables selling ones products to western customers that can pay better for them.	Online shopping could actually help small business owners grow their business by giving them access to a wider network of potential customers than they could have in their local community alone.
4850_4926	goldLabel	a2	Online market is much less expensive to operate than traditional market and enhance profit.	Online shopping is easier, leading people to buy more thus helping the economy grow.
5164_4957	goldLabel	a2	Online shops are cheaper since they need to spend less money on people such as cashiers, so people spend less money.	Online shopping can improve the quality of a person's life by giving them access to goods and services that are not available in their local communities.
4865_4884	goldLabel	a1	It's easier to start an online business than a traditional one, lowering the launching requirement of buisnesses.	There is a greater variety of products in the market because manufacturers are not subjected to beaurocratical restrictions.
5055_5153	goldLabel	a1	Online shopping makes it easier to compare prices and products helping people choose the best one for them.	It is much cheaper than your local shop, because of scale and competition, so poor people have more access
4958_5069	goldLabel	a1	Online shopping makes the entry to the market easier, thus creating more competition.	Reduces barriers of entry and therefore allows more competition which helps in the long rub
4957_5092	goldLabel	a1	Online shopping can improve the quality of a person's life by giving them access to goods and services that are not available in their local communities.	People are buying more things online, and for each transaction the target state receives taxes via VAT or customs, so more money can be used for governmental projects
5167_4968	goldLabel	a1	Online shopping opens a big market for small businesses. To have a similar reach of clients once required many branches that only big companies could afford. It thus evens the playing field for small businesses.	Online shopping allows people to buy products more cheaply than in their local stores, given that some products are produced more cheaply in other areas or countries, and that people can compare.
5250_4923	goldLabel	a2	Stuff you buy represent who you are. It is the easiest way to personalize yourself. When people have more options it makes this representation better.	Given that the buyer knows what he wants to buy, online shopping let the buyer easily find the wanted product in the best available price
5167_5175	goldLabel	a1	Online shopping opens a big market for small businesses. To have a similar reach of clients once required many branches that only big companies could afford. It thus evens the playing field for small businesses.	Minorities have more access to stuff they need. Eg, clothes for gays, artifacts from abroad to ethnic minorities Otherwise many of those things are not accessible to many people who need them
4850_4924	goldLabel	a1	Online market is much less expensive to operate than traditional market and enhance profit.	Online shopping helps niche products access clients from around the world, making it possible for them to exist.
4873_4959	goldLabel	a1	Online shopping help consumers to compare prices and quality of products because it's easier to compare both products and suppliers, as well as their terms in an objective way.	Online shopping help consumers to compare prices and quality of products because there are normally reviews of the products in the same page or in the network in general.
5164_5250	goldLabel	a1	Online shops are cheaper since they need to spend less money on people such as cashiers, so people spend less money.	Stuff you buy represent who you are. It is the easiest way to personalize yourself. When people have more options it makes this representation better.
5153_5217	goldLabel	a2	It is much cheaper than your local shop, because of scale and competition, so poor people have more access	Online shopping makes products more accessible to people who have difficulties leaving the house.
5011_5175	goldLabel	a1	There are reviews on products, so you know which seller to buy from, and there are many different sellers so you can choose the best one, unlike normal shops where there is less competition.	Minorities have more access to stuff they need. Eg, clothes for gays, artifacts from abroad to ethnic minorities Otherwise many of those things are not accessible to many people who need them
5055_5097	goldLabel	a2	Online shopping makes it easier to compare prices and products helping people choose the best one for them.	Online shopping also allows small shops to reach a large audience, thereby encouraging the creation of small businesses.
5167_5077	goldLabel	a1	Online shopping opens a big market for small businesses. To have a similar reach of clients once required many branches that only big companies could afford. It thus evens the playing field for small businesses.	Increases consumption because it takes less time and effort to buy things. Economy is a matter of how many people believe in it and spend their money, thix increases the overall utility
5032_4910	goldLabel	a2	Online shops save time. Many people don't have the time to drive to the shop and walk between aisles, using online shops makes it much easier.	Online shopping could actually help small business owners grow their business by giving them access to a wider network of potential customers than they could have in their local community alone.
4957_5013	goldLabel	a1	Online shopping can improve the quality of a person's life by giving them access to goods and services that are not available in their local communities.	Online shopping allows individuals to recieve their goods much more quickly than going to a store that sells that product, which is often important for their well being.
5163_5118	goldLabel	a1	It enables people to not waste valuable time by going to stores.	Allows people a greater variety to select from and therefore increases happiness
5163_4926	goldLabel	a2	It enables people to not waste valuable time by going to stores.	Online shopping is easier, leading people to buy more thus helping the economy grow.
5035_5013	goldLabel	a1	"Online shopping lowers the cost of products by ""cutting the middleman"", no money is wasted on constructing local shops, hiring local workers, etc."	Online shopping allows individuals to recieve their goods much more quickly than going to a store that sells that product, which is often important for their well being.
