id	rank	argument
18	0.642857143	78.5% of traditional media reporters polled used social media to check for breaking news.
19	0.8888888890000001	83% of these teens report that social media helps them feel more connected to information about their friends' lives, 70% report feeling more connected to their friends' feelings, and 57% make new friends.
24	0.444444444	A Jan. 2015 study published in the Journal of Applied Developmental Psychology said college freshman should use social networking sites to build networks of new friends and reduce their risk of dropping out.
25	0.9090909090000001	A McKinsey Global Institute study projected that the communication and collaboration from social media added between $900 billion and $1.3 trillion to the economy through added productivity and improved customer service.
40	0.363636364	A good platform for a common man to reach to their leaders to raise voice for noble cause. Which was near to impossible in past. It should be tied to policy and guidelines to avoid misuse.
48	0.333333333	A low bar of entry makes it easy to share information to a large group of audience.
51	0.35714285700000004	A person can learn to critically analyze the content and motivations from a safe place without having to actively participate.
64	0.454545455	A world without social media is simply unrealistic, so why not enjoy the advantages of it?
83	0.363636364	"Actually, It is about the ""content"" in the social media. As long as the social media serves as a good platform that accepts only good content then it its good."
96	1.0	After George Middle School in Portland, Oregon, introduced a social media program to engage students, grades went up by 50%, chronic absenteeism went down by 33%, and 20% of students school-wide voluntarily completed extra-credit assignments.
144	0.727272727	An ability to locate common interest groups, local or otherwise. A quick way to catch up with friends, due to our busy lives.
179	0.3125	Anything that connects people together cant be bad
182	0.666666667	Appropriate use of Social Media enables you to reach out and promote yourself or your brand itself. It must be used in the correct right direction.
215	0.307692308	As with all tools, intended potential and good may by corrupted by the user. As existing laws in the real world catch up with technology the intended good will dominate.
216	0.25	As with almost every new technology, there are risks that can be reduced using education and law. Yet the ability to connect with each other is very important.
221	0.75	At times of Natural Disasters like floods, earth quakes etc. Social media provides a channel that can be used to help track humans in need of help.
597	0.444444444	Being a better person is about compassion and empathy. And there is nothing that increases cross-world empathy like social media. From Africa to Arizona, I can deeply understand the human condition. Thank you, Facebook.
598	0.7857142859999999	Being a part of a social media site can increase a person's quality of life and reduce the risk of health problems.
599	0.666666667	Being able to connect on social networking sites gives business women a support group not readily found offline, where female CEOs of Fortune 500 companies are outnumbered by male CEOs 474 to 26.
605	0.444444444	Best way of advertising whether it's a movie or any product . It's specially helpful for those who cannot afford costly advertisement through other media platform.
606	0.363636364	Best way of timepass. You will get stuffs from all around the world starting from jokes, news, update on your friends.
607	0.818181818	Best way to remain connected to your family, friends and all near and dear ones.
624	0.46666666700000003	Brings together people towards a common cause which cannot be easily done via traditional methods
631	0.583333333	"Business women use Twitter chats to support each other, give and receive peer knowledge, and have guest ""speakers"" share expert knowledge."
638	0.545454545	By Design Social media is good it is became broader but less engaging people
741	0.666666667	Communication is a breeze with social media. What would take forever to disseminate takes exponentially less time to get across the globe.
742	0.636363636	Communication is the wheel of progress. Social media provides people with voice and expose them to data like never before. However miss use of it should drive consequences.
745	0.7	Communication via Social Media is cheaper and faster than traveling, or snail mail.
760	0.3	Connects people around the world on a single cause.
770	0.9090909090000001	Corporations and small businesses use social media to benefit themselves and consumers.
890	0.333333333	Digital tattoo created is perceived as the reflection of our persona in the real world. If used wisely it will be a win-win for individual and technology exploitation.
898	0.1875	Dog fail videos are hilarious and boost the spirits of people who watch them. Laughter is the best medicine.
972	0.933333333	Due to social Media, lots of business are set up online, bringing choice and low prices and compare quality. Businesses can find a market for their goods and services in a cost-effective way, globally.
973	0.857142857	Due to social media, businesses are compelled to provide better and timely customer support.
984	0.5555555560000001	Easy to build communities with people with whom you share the same interests ie. work community or housing area community
985	0.636363636	Easy to find and spread information on social media
996	0.9	Echo chambers: People are more likely to be exposed to things that coincide with their interests because of the algorithm of social media. Thus, they do not question beliefs and often this leads to radicalism
1071	0.333333333	Families leave such separate lives in distant places that they often lose the feeling of family. Having social media available, lets families and friends reunite even though it is only superficially.
1081	0.5	Find long lost friends, and family with social media.
1113	0.6	For business promotions, social media is a better and cost effective platform.
1172	0.545454545	Freedom of speech, this is what social media is all about, we must let people freely express their ideas, opinions
1175	0.7	"Friends on social media can have a ""contagion"" effect, promoting and helping with exercise, dieting, and smoking cessation goals."
1513	0.0	Governance always lags innovation; security and end to end accountability will eventually follow. Personal and social harm in the short term is simply the cost of advancement.
1544	0.444444444	Helps in knowing out the diffrerent issues over the globe
1545	0.46153846200000004	Helps in spreading awareness on key social issues
1553	0.307692308	How easy it is now, to share what I want to share, and what I want to see. If I am a sane person, I can still use the platform judiciously.
1591	0.3	I am able to connect with far-away relatives lifes. Independent of time of day.
1593	0.5555555560000001	"I am not supporting that ""Social media brings more harm than good"". It is one of the best place to connect people with common objective across the world. It the best source for getting information"
1609	0.636363636	I have been able to connect with some friends from school whom I would have never found otherwise thanks to social media
1623	0.6	I shared a community service activity that I did on social media. People liked it and I know some even got inspired to do it as well. No better way to inspire people
1629	0.35714285700000004	I think it depends on the platform. Example - I find out information on business much sooner than I used to before. As a customer, I am able to express satisfactions/concerns more directly and timely also.
1632	0.272727273	I think social media shall develop more to increasing people engagement area and not on adv, behaviour data collecting, marketing, selling and monetisation
1635	0.727272727	I will always find supportive communities on social media and affectionate people to any situation I'm in, so I'm less likely to be depressed and feel misunderstood
1637	0.642857143	I witnessed Social media significant contributions to bring democracy and free speech to my beloved Tunisia when it was governed by dictators for way too long. Thus Social media brings more good than harm.
1641	0.4	I would say social media has open a stream of opportunities , you can get career paths or you can get job updates.
1644	0.363636364	IT OPENS UP YOUR MIND TO PUBLIC/FRIENDS- WHICH REFRESH YOU PSYCHOLOGICALLY CHANGES THE NATURE OF A PERSON FOR HONESTY AND GOOD VALUES ONCE PEOPLE SUPPORT THE GOOD WORK.
1648	0.7	If a problem persisted in one area, warning alerts can be easily spread to other areas. Many flood victims have been rescued and helped due to power of social media.
1695	0.133333333	If one understand their accountability and responsibility of their own activities, it reaps benefits.
1713	0.666666667	If used wisely, social media brings more good. The problem is about people not knowing how to use appropriately.
1740	0.642857143	If you know how to filter data on social media, the good is increased. Such as: bring people together, you can meet others with same interest. Work together. Build good solutions for the world
1755	0.75	In a busy and a noisey world, people can read news very easily via social media
1766	0.666666667	In an increasingly technological age, social media helps people remain connected and even intensify their mutual bonds by sharing moments, thoughts, and feelings they deem important to them.
1767	0.4375	In case of jallikattu or sterlite - there was a huge effect of media in gathering/uniting people for fighting against the Government laws and won their right. When used properly, social media brings good.
1779	0.727272727	In my opinion providing voice to common man/women to highlight their day to day issue to concerned authorities has been one of the biggest advantages of Social media.
1784	0.9285714290000001	In our modern world, many of us are geographically separated from family and childhood friends. Social media helps us to remain in contact in a way that was not possible in the past.
1808	0.636363636	In those countries where mass media are censored or self-censored, the social media do bring an independent voice to the reader, the objectivity of which, however can't be taken for granted.
1822	0.3	Independent or more reliable sources can be checked by users to verify/deny any information spread though social media. Users and social media companies should have more awareness on fake news than reject the social media.
1826	1.0	Individuals can share information with their friends over social media, allowing them to access news which interests them and is more likely to get them engaged.
1846	0.5	Information can be sent in a short span of time.
1892	0.214285714	Information spread is faster than traditional way and it is less regulated.
1899	0.571428571	Investigative journalists has been rehabilitated as individuals share news more readily over social media, creating higher ad revenue and incentivizing people to purchase subscriptions.
1900	0.3	Is Social media really a problem?as long as it doesn't affect my privacy its on my good books.
1908	0.666666667	It's an easy and cost effective way to promote the products, offer services.
1914	0.5555555560000001	It's fun and can be instructive to read other people's postings
1929	0.8888888890000001	It allows for people to share what is transpiring in their immediate area (natural disasters, demonstrations, crimes in progress, etc.) with the world when the news media does not have access.
1936	0.3	It connects the world in a way that change for good can take hold faster.
1947	0.727272727	It gives us an opportunity to connect with people who have not been keeping touch for a long time.
1954	0.833333333	It helps people to know about happenings on the world without a bias from media
1959	0.583333333	It is a good tool to bring friends and family together. Value is in identifying lost friends.
1960	0.583333333	It is a great enabler if used for its intended purpose. There are so many voices in our society and the world at large that would never have been heard from if not for social media.
1962	0.636363636	It is a great way to keep up-to-date on family and friends.
1964	0.538461538	It is a powerful tool to voice one's opinion and bring to forefront what you think requires attention.
1967	1.0	It is a tremendous vehicle to keep in touch with family and friends, particularly if you have family overseas.
1977	0.818181818	It is easy for small businesses to create a social media page and advertise themselves rather than needing to develop a special web site.
1979	0.25	It is easy to show some information to people (and it is simple to select the target audience) then it is not needed to talk about the same thing more than once
2019	0.35714285700000004	It is the hallmark of the digital age making the world a smaller place. Its primary intention helps gives people new, better and easier means to communicate, network and collaborate, notwithstanding the unintended consequences.
2041	0.25	It requires education to interpret social media effects. Social media itself is not to blame.
2068	0.071428571	Its a good way to make money reducing expenses
2069	0.454545455	Its a great platform to reach masses and make a larger impact in society
2071	0.423076923	Its an easy and fast way to be updated on your in interest topics
2081	0.363636364	Keep connected and updated about social and professional networks
2082	0.4	Keeps people in touch in ways they weren't able to before.
2097	0.9090909090000001	Law enforcement uses social media to catch and prosecute criminals: 73% of federal, state, and local law enforcement professionals surveyed think social media helps solve crimes more quickly.
2105	0.636363636	Leaders in democratic states can learn a lot about the public will from social media, and adapt accordingly to their needs and wishes.
2144	0.538461538	Like it or not Social Media is part of living in 2018. Sure it has problems, yes it has advantages and my 2 cents is everything in moderation.
2168	0.083333333	"Louisa May Alcott wrote in, Little Women, ""The youngest...could not conceal her disappointment...feeling as so many of us have felt when we discover that our idols are very ordinary... "". Social Media gives us unfettered access."
2195	0.5	Many a times it happened that, different consumer companies are addressing your complain quicker when it is posted on social media, rather than going through formal process.
2215	0.75	Many of us are too shy to engage in public discussions. Social media allows us to be part of debates by allowing us to carefully choose our words and hone our explanations before we express them.
2241	0.28571428600000004	Many revolutions globally have utilized social media as a platform for organization and communication. This allowed for the greater success and solidarity of these movements.
2292	1.0	Modern communication largely occurs on social media, making it a new forum for individuals to share ideas and learn new things
2306	0.857142857	More representation: people are able to find others with similar interests and get support. Thus they have more power compared to their politicians and are able to keep them accountable
2309	0.7777777779999999	More than 80% of US college and university faculty use social media; more than 50% use it for teaching; and 30% for communicating with students.
2325	0.7222222220000001	Most people arent subscribed to a newspaper or watch the news on a regular basis, social media is often the only way they are exposed to news stories, this means we get more informed citizens.
2351	0.272727273	Network with employees of other companies for mutual benefit.
2356	0.6	New technology is often perceived as harmful at first, but it must be given a chance to show its benefits
2358	0.352941176	New ways to consume media inspires new content on each respective platforms
2362	0.2	No, I don't agree. With proper personal hygiene and regulatory frameworks in place, social media can help next generation, who will be technology oriented unlike past. Proper education is what matters most.
2369	0.181818182	No - but filtering and networks enhancements need to catch up to refine and channel though for more effective communication.
2396	0.363636364	OLD, FORGOTTEN, DE LINKED FRIENDS AND FAMILIES REUNITED.
2397	0.333333333	OPENS UP THE WORLD WITH NEWS/POLITICS/SPORTS/SCIENCE/PHOTOGRAPHY/ENTERTAINMENT/ TOURISM TO GENERAL PEOPLE.
2398	0.333333333	Obtain relevant advertising based on social media searches and posts.
2660	0.7692307690000001	Over 25% of teens report that social media makes them feel less shy, 28% report feeling more outgoing, and 20% report feeling more confident.
2661	0.818181818	Over one-third of federal, state, and local law enforcement professionals surveyed say that they use social media to notify the public of emergencies or disasters.
2663	0.818181818	Over time, the exposure to diverse facts and reasoning available on social media can push one to become more open to viewpoints other than their own.
2678	0.8	Part of being a human being is feeling connected. Social media helps keep us from becoming isolated as we age and our social contact wanes.
2708	0.727272727	People can connect to other people they know or who have similar interests
2709	0.75	People can launch an online career through social media thus giving them a financial venue.
2711	0.625	People can see more details about you and can judge positively
2722	0.363636364	People getting lots of information through social media and makes them to learn through social media so many incidents which has been hide by Media industry social media shows the truth .
2764	0.153846154	People sharing their views on an issue has become easy via social media. Sitting in your home or office you would have never known if you are the only one with that POV
2777	0.181818182	People tend to adhere to homogenous groups which end up reinforcing conventional social norms instead of breaking them down.
2785	0.625	People today get their news mostly through social media which shows you articles from sources you or your friends previously liked, creating echo chambers.
2835	0.636363636	Politicians have a better understanding of their voters through social media and can realize better what they should do in order to create a change for the best
2839	0.25	President Donald Trump said that the immediacy that Twitter affords him is the reason why he tweets, noting that press conferences and press releases take too long to reach the public.
2914	0.916666667	Professional networking sites greatly assist companies to find personnel and job seekers to find work.
2915	0.75	Professional social media sites allow people the opportunity to make connections with others in their industry to share ideas and employment opportunities.
2921	0.666666667	Provides a platform for all kinds of connections to occur. These kinds of platforms have brought families, various groups and other common denominations together that would not have been possible.
2935	0.666666667	Recent events in France with the 'Yellow Vests' movement is an example of how social media can empower people to be heard, when public opinion seem to have no more impacts on governments actions.
2937	0.5	Recent research has demonstrated that social media have the power to increase the scope of stereotypes not only in children but with people at all ages.
2958	0.4	Research shows that the number of social connections one has is directly related to one's happiness and social media increases connections online.
2959	0.727272727	Researchers from a wide variety of fields share photos, provide status updates, and collaborate with distant colleagues via social media, making the research process and results more transparent and accessible to a larger public.
2964	0.833333333	SM allows anyone to join in the debate. In a world where politicians are struggling for answers, a wider consensus can be reached if the tools are properly used.
2966	0.272727273	SM brings the information, knowledge that you can never have before, the news feed is based on what you're interested in &amp; the people you follow, so it's you who decide whether it's harmful or not
2967	0.083333333	SM brings the information, knowledge that you can never have before, the news feed is based on what you're interested in & the people you follow, so it's you who decide whether it's harmful or not
2968	0.5	SM gives one a mask (freedom) to express their views.
2970	0.571428571	SM often lets people pretty far away to interact or exchange info.
3015	0.454545455	Sharing on social media can be a lot of fun for sharers and audience
3028	0.5	Simple and nice way to keep up to date and communicate with family members that are close in life but far away in geography.
3059	0.583333333	Social Media actually has a lot of pros that I do believe weigh out the cons. Social media actually helps others to communicate even if they are many kilometres away from each other.
3060	0.5	Social Media allows families to remain connected whilst separated. Parents to understand their children, and friends to keep in touch.
3061	0.7	Social Media allows for convenient and less expensive cross border communication between separated families encouraging more closeness over distance
3062	0.7777777779999999	Social Media allows people to be informed quickly and efficiently.
3063	0.454545455	Social Media allows people to communicate with a lot of people without a publisher as a middleman
3064	0.8	Social Media allows rapid access to information. Much faster than traditional media like print. For time sensitive information like natural disasters and accidents, this is especially important.
3065	0.666666667	Social Media allows to connect people around the globe as easy as it can be.
3066	0.5625	Social Media allows to equally and exponencially distribute knowledge among the people in a non-costly and timeless way
3067	0.857142857	Social Media allows us to easily connect with loved ones.
3068	0.166666667	Social Media allows you to get opinions from people quickly.
3069	0.727272727	Social Media allows you to see pictures of far away relatives quickly.
3070	0.705882353	Social Media brings more good than harm based on what you are looking for and what level of information you are willing to share, example, they can centralize your trusted news source.
3073	0.3	Social Media can be engineered to control bureaucracy via citizen feedback
3077	0.6	Social Media can help inform people about the things that happen in the world. People spend the best part of their days in it and the majority of news they see were seen through social media
3078	0.35714285700000004	Social Media connecting people on the whole world.
3082	0.454545455	Social Media created a platform to bring relatives closer and more connected.
3083	0.5	Social Media created a platform where Advertisement & Marketing can be directly challenged whenever its seems to be biased, and everyone can see live feedback/counter response which helps in judgment making.
3084	0.636363636	Social Media created a platform where Advertisement &amp; Marketing can be directly challenged whenever its seems to be biased, and everyone can see live feedback/counter response which helps in judgment making.
3085	0.363636364	Social Media creates a society based on consumption. The ads that plaster the social media screens create a society based entirely on consumption.
3091	0.6	Social Media enables those who are less confident to better contribute to society
3093	0.8	Social Media give's a lot of easy to access information, which makes people more informed.
3094	0.7777777779999999	Social Media gives business platform to interact with their customers faster.
3095	0.75	Social Media gives people an easy way to form social movements to take care of their interests, by sharing the group and finding people with common needs.
3096	0.727272727	Social Media has a positive impact on marketing for clients. It is inexpensive and hits the masses.
3102	0.818181818	Social Media has helped saved many lives by immediately connecting with support systems and reaching out for timely help
3103	0.5	Social Media has increased the Communication exponentially but it does not automatically equals improved collaborations and/or insights - although I would say it has exponentially Improved our world wide communication-insights.
3106	0.5	Social Media has provided platform for cultural globalization. with social media not people connect across globe and different cultures and are able to understand each culture much better.
3108	0.9090909090000001	Social Media helps connect people with the content that is most relevant to them.
3109	0.875	Social Media helps keep the family together despite distance, time zones and language
3110	0.75	Social Media helps to ensure that people who are forced to stay at home can be online and stay connected.
3111	0.75	Social Media is a convenient means of eliciting the feelings of people and also understanding the impact of events on the populace
3112	0.727272727	Social Media is a level playing field that has empowered individuals to voice opinions fearlessly against the most powerful entities and this is a great step towards equality.
3114	0.5	Social Media is a wonderful place only if the choice of friends or connections made are right and there is some sort of basic similarity between you and the one who views your shares.
3122	0.583333333	Social Media is good as you know the status of how your friends are doing and what going on in their lives
3129	0.333333333	Social Media make personal world wide and bring person to unknown world
3134	0.444444444	Social Media often reflects the real life activities of real people
3140	0.625	Social Media provides a Global Platform where an individual person's voice or other content can quickly be heard, analyzed, amplified and discussed by Billions of people. This is a good thing !
3141	0.647058824	Social Media provides access to research materials instantly as opposed to significant labour intensive data gathering
3144	0.5	Social Media shows different aspects of what is going on around you and lets you pick and choice what you want to view.
3145	0.6	Social Media supports a plethora of niche interests. It's a novelty to connect with people who have very similar interests to me. They become my FAVORITE people to talk to.
3146	0.5	Social Media supports a plethora of niche interests. It's a novelty to connect with people who have very similar interests to me. They become the ONLY people I want to talk to.
3149	0.384615385	Social Medias can make relatives closer with instant news and photos.
3151	0.454545455	Social good - Social media is a reflection of our society at large.. What you see in social media depicts the thoughts and norms of our current culture
3159	0.46153846200000004	Social media, as we know, is the platform for multiple people across the globe who want their voices and opinions to be heard, which is a constructive thing altogether should we be tolerant towards everyone's opinions.
3160	0.75	Social media, if rightly used, can help in connecting with people who can help both personally and professionally.
3161	0.916666667	Social media, if we choose to use it judiciously, offers tremendous opportunity to engage with family, friends and community at large across the world and express our views in an unprecedented manner.
3162	0.818181818	Social media, when authentic (and, at times, even when filled with lies), brings the humanness in our humanity. It now serves science, policy-making and justice.
3165	0.125	Social media acts as a media source that is not bound to any government . Most importently used in dictatorship country's
3169	0.583333333	Social media algorithms tend to present people what they agree with, what they like etc. this creates echo chambers within social media that create a self centered discourse in the population.
3170	0.666666667	Social media allow for extended network and unrestricted communication across the globe
3172	0.7777777779999999	Social media allow people to meet other people with the same interest, no matter how far they live
3173	0.7142857140000001	Social media allowed important movements like 11-M, in Spain, which gave more voice to the people
3174	0.75	Social media allowed me to know the great places that others have visited, their feedback and recommendation and so assisted in decision making.
3175	0.272727273	Social media allowes people to stay in touch with eachother, by sending masseges, sharing pictures, and forming groups.
3176	0.333333333	Social media allows anyone to be a journalist including the less educated and ignorant to determine media content without objectivity influencing society for the worse
3177	0.666666667	Social media allows anyone with internet access to have a voice. Not everyone can speak on TV or write for a newspaper, but social media allows multitudes to post their thoughts and ideas.
3179	0.28571428600000004	Social media allows celebrities, politicians, and other public characters to create accessible platforms and spread their message.
3180	0.818181818	Social media allows charitable organizations to show their work and stay connected with both those that support them and those who may be interested in supporting them.
3181	0.666666667	Social media allows citizens to voice their opinions and rally around causes without requiring the old media, which is often controlled by specific interest groups.
3182	0.5	Social media allows communities to communicate when violent organizations are taking action against local peoples.
3183	0.571428571	Social media allows companies to cater products and advertising to better cater peoples needs.
3184	0.8	Social media allows distant families and friends to stay connected and share their lives in a convenient and fun way
3187	0.5	Social media allows for a vast number of people to connect and raise their awareness on issues in the world that they would otherwise not be aware of.
3188	1.0	Social media allows for easier organization of events and event participation.
3190	0.75	Social media allows for fast communication during environmental and social crises (people can mark themselves safe or let their friends know how things are progressing).
3191	0.666666667	Social media allows for increased visibility of social issues, like #metoo
3192	0.5	Social media allows for information to be distributed quickly to a community you establish; the rate of speed allows for group assistance (looking to borrow something) and share breaking information (traffic jams); you control the community.
3193	0.7857142859999999	Social media allows for people to connect that otherwise would lose touch, and the more connected we are to the world, the more we care about it.
3194	1.0	Social media allows for people with social limitations such as anxiety to make connections or online friends thus lessening their loneliness.
3195	1.0	Social media allows for quick, easy dissemination of public health and safety information from reputable sources.
3196	0.875	Social media allows for quick diffusion of public health and safety information during crisis events.
3197	1.0	Social media allows for rapid communication during crisis events.
3198	0.705882353	Social media allows for the doxxing of unsavory characters like sexual assaulters/nazis/racists etc. so that they can be held accountable and others know not to engage with them.
3199	0.7777777779999999	Social media allows for the opportunity for more people to connect globally which allows for a deeper cultural exchange that can increase empathy and understanding.
3200	0.857142857	Social media allows grass roots movement to more easily mobilize and spread awareness across large groups of people.
3201	0.25	Social media allows house-bound elderly people, and other immovable people, to pseudo-interact with others.
3203	0.8	Social media allows individuals an escape from oppressive communities, and find a safe space for them to express themselves
3205	0.875	Social media allows individuals who may otherwise not be able to connect to be able to easily interact.
3207	0.6	Social media allows me to find people with similar interests
3208	0.5	Social media allows millions who are disenfranchised feel like they have a voice. The number of bullied, shamed and alone who can find others online and feel loved far outweighs the terrorists, pedophiles and traffickers.
3209	0.7	Social media allows news to be shared without the bias of large news broadcasting organistaions impacting what news is shared and how it is presented.
3211	1.0	Social media allows people around the world to connect with each other.
3212	0.75	Social media allows people from across the globe to interact with each other in ways that could not have been possible before.
3213	0.9285714290000001	Social media allows people from around the world to connect
3214	0.7857142859999999	Social media allows people to connect with likeminded individuals from anywhere in the world. This gives people more fulfillment in their lives, and is especially important for minorities who suffer from varying degrees of oppression.
3215	1.0	Social media allows people to crowd source ideas and trade information so that individuals with different skills can connect and create better products.
3216	0.8	Social media allows people to find and connect to old friends and relatives that they haven't seen in a long time.
3217	0.28571428600000004	Social media allows people to follow their idols and their whereabouts.
3219	1.0	Social media allows people to improve their relationships and make new friends: 93% of adults on Facebook connect with family, 91% connect with current friends, and 87% connect with friends from the past.
3220	0.26666666699999997	Social media allows people to keep in touch with many weak ties, and thus increases their social capital
3221	1.0	Social media allows people to keep in touch with their loved ones who are far away from them.
3223	0.818181818	Social media allows people to quickly communicate, to keep up with friends and what is going on in their lives - where people ensure they only share information to their friend/family circles.
3224	0.9285714290000001	Social media allows people to self organise and protest against opression. The arab spring was a great example of this.
3225	0.625	Social media allows people to share relevant life events with the people they care about without having to go through and send it to each person individually.
3226	0.705882353	Social media allows people to stay in touch, even though they live in opposite parts of the world.
3227	0.8	Social media allows people to stay in touch with those who are far away and maintain meaningful relationships with others than in the past would have been lost.
3228	0.7857142859999999	Social media allows people with real life social interaction issues to approach and talk to people they wouldn't usually have the courage to do by themselves.
3229	0.666666667	Social media allows politicians to connect with the public, providing the public with better and more reliable information about them.
3230	0.545454545	Social media allows sharing of content and opinions across geografical and social boundariers. I truly believe that sharing is caring, and that social media enables democratization of knowledge.
3231	0.857142857	Social media allows the average person to present our creative endeavors and accomplishments to the world which allows us self expression and a sense of recognition on a scale like never before.
3232	0.6875	Social media allows the common people around the world to have access to new experiences otherwise reserved only for those who could travel abroad.
3233	0.5	Social media allows the world to connect in ways never imaginable
3234	0.625	Social media allows to connects people to active discussion and engage them in issues such as elections, crisises and more in a way that is simple and entertaining.
3235	0.7142857140000001	Social media allows to explore virtually any interest, connection, creed and people knowledge without biased or restriction of any kind, openly.
3236	0.7333333329999999	Social media allows transfer of ideas, images, events, etc. at a much faster rate than that of traditional media (TV, radio, print news, etc.).
3237	0.8125	Social media allows us to connect with people all over the world and brings communication through different mediums allowing people to express themselves in different ways than ever before.
3238	0.8888888890000001	Social media allows us to find real friends, regardless of geographical proximity
3239	0.6	Social media allows us to gather support for important causes, allowing to disenfranchised communities to gain popular support they would never get otherwise
3240	0.7	Social media allows us to reconnect with old friends and distant relatives.
3241	0.8888888890000001	Social media allows us to remain in contact with people with whom we've lost touch, and still be engaged with their lives, even when they are far away
3242	0.545454545	Social media allows us to see posts from our elected officials, this direct communication in theory allows the voter to see which candidate best represents their views.
3243	0.583333333	Social media allows us to see the bigotry and ignorance of some parts of our society. This is a benefit as it is only in seeing out flaws that we may improve.
3244	1.0	Social media allows you find long-lost friends and family members.
3245	0.7857142859999999	Social media allows you to define yourself in your own terms, allows you to control the messaging for your personal brand, and allows you to share your optimism and positive energy with the world at-large.
3246	0.727272727	Social media allows you to find people with common interests.
3247	0.666666667	Social media allows you to keep in touch with friends and family over long distances.
3250	0.818181818	Social media and related communication technologies allow people to keep in touch with friends and family across long distances, which generally strengthen friendship ties.
3253	0.6	Social media are a helpful tool that is no more harmful than any other modern technology. Banning is not the solution.
3255	0.571428571	Social media are an ideal platform for brands to spread their messages in an other way and to build on the reach of the influencers on such media.
3262	0.5	Social media as a way to learn more about diverse life styles from people of different backgrounds
3263	0.666666667	Social media as a whole has been striving for inclusivity and many of us use one platform or another on a daily basis to get connected with our friends and family.
3264	0.7333333329999999	Social media assists the lonely in providing them ways, at least partially, of not being alone
3269	0.5	Social media breaks big media monopoly to information
3270	0.454545455	Social media bring the opportunity to know a lot of things even good, bad, fake, immediately, so everybody can elaborate his own opinion and know the true of any news
3272	0.571428571	Social media brings more good than harm because it encourages people to speak with others who are different from themselves by virtue of connecting people from around the globe.
3273	0.7142857140000001	Social media brings more good than harm because it facilitates communication in repressive countries, as we saw from Twitter's use in planning the Arab Spring.
3274	0.9	Social media brings more good than harm because it helps businesses to promote themselves that might not have been able to advertise and succeed using older technologies.
3275	0.7142857140000001	Social media brings more good than harm because it is a powerful tool to fight social isolation, which is damaging to one's physical and mental well-being, especially for house-bound people.
3276	1.0	Social media brings more good than harm because it lets people share their art and music, especially for people who would have been excluded from those industries in past decades.
3285	0.583333333	Social media brings people with similar interests together and enables them to share what activities are happening. This combats loneliness and helps build new relationships
3286	0.8888888890000001	Social media can allow citizens to voice their opinions publicly by bypassing the old media which is controlled by interest groups.
3287	0.625	Social media can allow friends and family members to more actively stay aware of each other's life events.
3290	0.8888888890000001	Social media can be a boon in event of disasters. It has been during many disasters that effective usage of social media could save lives or spread rightinformation to right people
3292	0.75	Social media can be a good platform to launch and manage civil initiatives for the good of people, help local community members and provide easy access to information.
3293	0.727272727	"Social media can be a powerful tool for connection and social change. We are in an ""immature"" stage in it's use and as society matures in it's use the positive benefits will become more apparent."
3294	0.333333333	Social media can be a tool to reveal such facts that are hidden from the large public. This however also require responsible thinking to measure the impact.
3295	0.833333333	Social media can be a very good source of information, business ideas as well as social relations. It is up to the user to believe/verify/reject any information.
3301	0.545454545	Social media can be fun and informative when used as such
3305	0.833333333	Social media can be used to communicate important information to a wide audience. Like informing friends and family know about major life events.
3306	0.9090909090000001	Social media can be used to gain public support on issues that can influence better decision making
3309	0.615384615	Social media can be used to quickly mobilize large numbers of people for good after disasters or personal tragedies as seen in the many charitable gofundme campaigns.
3312	0.818181818	Social media can be very comforting for the individual by strengthening social interactions.
3315	0.545454545	Social media can do good stuff, but people totally underestimated and misunderstood what social media were created and are intended for. No one as ever explained to people how to use them.
3318	0.666666667	Social media can easily be used to reach a large audience
3324	0.8	Social media can help facilitate collaboration and educate people on diverse perspectives to make more informed decisions.
3325	0.9	Social media can help improve life satisfaction, stroke recovery, memory retention, and overall well-being by providing users with a large social group.
3326	0.818181818	Social media can help people better understand social stigmas such as anxiety and depression.
3327	0.846153846	Social media can help people maintain connections with people and groups such as old school classmates and former neighbors, expanding their social connections.
3328	0.5	Social media can help shy or closed in people reach out and establish electronic relationships with others.
3329	1.0	Social media can help small brands and artists grow their businesses by connecting them to those interested in their products.
3331	0.454545455	Social media can promote staying within your bubble, by allowing you to screen out ideas you don't want to be exposed to
3344	0.857142857	Social media communication services create an infrastructure for organizing protests against aggressive governments.
3347	0.5	Social media connect people that otherwise would never communicate at all
3348	0.636363636	Social media connects billions of people and has provided an extra tool for communication to family, friends and loved ones. By design, it is a mostly a tool for good not for nefarious purposes.
3349	0.6	Social media connects friends and relatives in different parts of the world.
3350	0.571428571	Social media connects immediately people who live far apart. You can follow your friends and family from afar and improve your relationships with them.
3351	0.7142857140000001	Social media connects people otherwise might not have met. thanks to social media we see new romantic, employment etc. opportunities. for many people.
3352	0.611111111	Social media connects people with disparate opinions, creating an antagonistic understanding of people with different political opinions.
3354	0.5	Social media contributes to an inclusive society by exposing us to dreams and hopes of people we would never otherwise have peripheral intimacy. words, photos, emojis and responses are insights into complete strangers that open minds
3356	0.625	Social media contributes to world globalisation.people from all around the world can be in contact and exchange knowleg and information on their well being.
3362	0.583333333	Social media creates a great opportunity to bring people together. However, it feels like now it is being used in more divisive ways.
3363	0.5	Social media creates a platform for people to advocate causes they care about and gain more support, this is more ificiant and effective than blocking the streets in protest.
3364	0.727272727	Social media creates a platform to support freedom of speech, giving individuals a platform to voice their opinions and interact with like-minded individuals where they otherwise may not have had one.
3381	0.4	Social media cuts down on gas because people don't have to leave their house to interact.
3384	0.8888888890000001	Social media democratizes access to information and exchange of ideas between individuals. This promotes community awareness of their current situation and future possibilities.
3385	0.571428571	Social media depends on how individuals use. This means that we have many opportunities to gain various benefits from SM.
3392	0.615384615	Social media distributes power from the few to the many.
3393	0.642857143	Social media do allow people to re-connect valuable relationships both in personal life and in business.
3396	0.5	Social media doesn't bring harm. It is users using it for private. It is good for instant messaging and crowdsourcing. What if we had the tool that could determine if a message is private?
3402	0.545454545	Social media embrace the fact that information should be free to share and allow people to express themselves.
3403	0.7142857140000001	Social media employs programmers who are steadily improving site quality and creating spillover research which improves the internet as a whole.
3404	0.75	Social media empower people, enhancing their ability to communicate one with another. Some people may abuse this ability, but generally it brings much more good than harm.
3407	0.9090909090000001	Social media enables global communication and activism towards good causes
3408	0.8	Social media enables human connection through digital means. Previously, we had to send letters and physically visit someone in order to see them. With social media, we're able to see what friends and family are doing.
3409	0.3	Social media enables interactivity with the mass media. For example, television is a one-way medium. Social media + television provides a feedback mechanism.
3412	1.0	Social media enables people to talk to friends and family and learn about their lives even when they are far away, thus helping people that feel lonely or are away from their loved ones
3415	0.75	Social media enables the ability to build community outside the constraints of physical location.
3417	0.8	Social media enables us to keep in contact with friends and family, even if just seeing photos and life updates.
3418	0.846153846	Social media enables us to keep in touch with long lost friends and family
3419	0.636363636	Social media enables us to keep in touch with long lost friends and family
3426	0.727272727	Social media enhances a person's ability to locate and participate in groups of likeminded people for hobbies, religion, current events, politics and other human interests.
3434	0.5	Social media exposes its users to feel-good stories and acts of kindness that have a positive ripple effect.
3435	0.5555555560000001	Social media exposes people to more information and makes information more accessible- knowledge spreading is generally a good thing: more people will have a lot of knowledge.
3439	0.8235294120000001	Social media facilitates discourse by allowing individuals from different backgrounds to discuss the same material.
3440	0.846153846	Social media facilitates face-to-face interaction: People use social media to network at in-person events and get to know people before personal, business, and other meetings.
3441	0.363636364	Social media facilitates flow of information on non controversial topics, ie hobbies, which would be very hard with other means
3451	0.8	Social media fosters community engagement, giving a platform to people who might otherwise not have the ability.
3453	0.727272727	Social media fosters connection in this high paced society and being social animals we need to be connected to others with similar or opposing ideas. It helps in evaluating both pros and cons of any matter.
3455	0.857142857	Social media gives a platform for all ranges of minoretis to have a say and represent them self's.
3456	0.666666667	Social media gives a platform for minorities to voice their concerns thus bringing these issues to the public's attention.
3457	0.666666667	Social media gives a platform for people to gather together under a common cause that can lead to societal change.
3458	0.75	Social media gives a voice to everyone, without any distinction
3459	0.8	Social media gives everyone a voice and right to express their opinion on an equal setting
3462	1.0	Social media gives people a platform to express themselves. If you like to write shorts stories, tell jokes or paint now you can publish it and share with you friends in ease.
3465	0.8888888890000001	Social media gives social movements a quick, no-cost method to organize, disseminate information, and mobilize people.
3467	0.3	Social media gives those with aspirations for a position in government a near free polling device to see what positions and actions would shine them in the best light as a candidate.
3470	0.5	Social media gives voice to every single human being, like never before.
3471	0.307692308	Social media grants a wider range of coverage, in most instances direct from the scene, as there is a low barrier of entry for individuals wanting to post.
3474	0.7777777779999999	Social media has a very diverse group of people, you can find people who are going through the same things you are and gain support from people you can relate to.
3477	0.875	Social media has allowed for content sharing platforms to allow for more niche communities to be accessible and enjoyed by a larger number of people, and for more content creators and artists to receive exposure.
3479	0.625	Social media has allowed for the connections between families and friends that haven't been able to have other forms of communication open due to geographical barriers.
3480	1.0	Social media has allowed participants in obscure interests to organize and do more impressive things by enabling connections
3481	0.8666666670000001	Social media has allowed reconnection with long lost friends and relatives.
3488	0.692307692	Social media has brought about information at our fingertips - helping us find the right contact via media such as LinkedIn
3489	0.7142857140000001	Social media has connected more people than ever before and that is always a good thing. When people are connected and share, more good than bad happens.
3490	0.727272727	Social media has connected the world on a scale beyond any form of communication in the past.
3496	0.5555555560000001	Social media has decentralized news generation and consumption, allowing many issues such as police brutality in the United States that have been ongoing for years to finally enter the public consciousness and be addressed.
3500	0.533333333	Social media has enabled discovery of interests participants may not even have known they have
3501	0.444444444	Social media has energized a public debate about privacy. As we develop a greater consciousness about privacy, freedom and liberty, we'll improve the laws and regulations of society, including those around social media
3502	0.7142857140000001	Social media has facilitated revolution in certain fascist states by making the airing of grievances easier.
3503	0.727272727	Social media has given a platform to common man to express themselves. This has lead to many revolutions and positive changes to many lives and therefore society.
3504	0.363636364	Social media has given minorities a safe and discreet place to meet and discuss issues important to them. It has empowered these groups to demand changes in real life, making society better and safer for all.
3505	0.538461538	Social media has given more freedom for people to express themselves and sometimes express in a better way those words or meanings which couldn't be spoken directly or had the barriers of language/direct communication.
3510	0.545454545	Social media has lots of useful real time data &amp; information. If use wisely you can gain knowledge in short time.
3511	0.444444444	Social media has lots of useful real time data & information. If use wisely you can gain knowledge in short time.
3512	0.7	Social media has made communication more efficient and simplified, connecting people from all over the world.
3515	0.428571429	Social media has made the world a small village.
3516	0.636363636	Social media has more potential than any other medium to unite a myriad of unique individuals into one unified whole.
3519	0.857142857	Social media has opened up a different world and has brought economic, social and cultural benefits to the world. Openness and transparency have increased as a result of social media
3520	0.7777777779999999	Social media has provided platform to common people to voice their opinion on various subjects which otherwise was left to regulated agencies like press etc
3521	0.818181818	Social media has provided the ability for marginalized peoples, such as LGBTQ youth, a support network that makes them feel like part of a broader community which improves the quality of life immeasurably.
3522	0.545454545	Social media has reduced the cost of marketing for companies.
3523	0.5555555560000001	"Social media has the benefit of ""wisdom of the masses"", if there is anything you need to know, anything you want a different opinion on, you can get that from the wide platform provided by SM."
3526	0.7	Social media help dosing dying relationships by updating people about their friends significant moments and instigating chats between them.
3527	0.428571429	Social media help entertain us in our empty time. If in the past we spent a lot of time doing nothing, now we can easily catch up with our friends or look at cat video.
3528	0.7142857140000001	Social media help to bring people who may physically not be able to see on a regular basis to keep in touch and have at least a general view on how things are going.
3530	0.583333333	Social media helped us to be connected with our friends and relatives and also with colleagues and their life updates. It helps to make new connections also. Some important news are shared on Social Media.
3531	0.75	Social media helps connect you with friends and family across the world
3532	0.75	Social media helps family members stay in touch with one another.
3533	0.727272727	Social media helps in being upto date with the developments that are happening all around the world. And how to update ourselves with the world as it evolves.
3534	0.5	Social media helps individuals build a public image
3535	0.615384615	Social media helps keep in contact with distant friends all over the world. Gives us a feeling of connection to people in different time zones and locations.
3536	1.0	Social media helps lonely people find friends with common interests even on the other side of the globe.
3537	0.583333333	Social media helps me to engage with broader list of people then off-line media
3538	0.7142857140000001	Social media helps people connect across physical limitations
3539	0.7	Social media helps people connect and keep in touch who otherwise would not have done so
3540	0.7142857140000001	Social media helps people get informed and connect, without the fuss of having to contact all of your friends and family every day or week.
3541	0.75	Social media helps people share about their lives and connect with others.
3542	1.0	Social media helps people stay connected with more friends, even if they are far away.
3543	0.875	Social media helps people to better understand all of the various points of view on a topic - allowing them to make decisions that are good for more people.
3544	1.0	Social media helps people who are socially isolated or shy connect with other people.
3545	0.6	Social media helps reconnect with past friends. I was able to reconnect with a childhood best friend not seen in years shortly before he died. For that I am grateful.
3546	0.9	Social media helps senior citizens feel more connected to society.
3547	0.5555555560000001	Social media helps small businesses and entrepreneurs reach their target audience and, through expansion, creating more jobs
3548	0.75	Social media helps the elderly feel less isolated.
3549	0.46153846200000004	Social media helps the people in lot more ways to prove the Knowledge and at the same time we are also loosing the lack of knowledge how to utilise this platform.
3550	0.454545455	Social media helps to overcome people's loneliness. E.g.: Elder people...
3551	0.363636364	Social media helps to spread what's good across the globe that all can leverage. It's up to us on how moderately we use. Anything at right size is good and so is social media.
3552	0.7142857140000001	Social media helps us connect to people all around the world.
3553	0.7692307690000001	Social media helps us find people with similar goals to our own, and provides tools to encourage each other towards attaining our goals. Look at health trackers, and Facebook groups, Twitter hashtags.
3555	0.6	Social media helps us to find or learn about literally anything.
3556	0.5	Social media ia great. We all like it.
3560	0.333333333	Social media if used correctly can be phenomenal. Social media education and awareness tied with an individual's privacy concerns, can only change human behaviors. Learn from Developing nations who are putting social media to good use.
3561	1.0	Social media improves communication between friends and family members who live far away from each other.
3566	0.4	Social media increases the quality and quantity of communication thereby making us connect with more people and have more communication which otherwise personal communication may not provide thus brings more good than harm.
3567	0.833333333	Social media increases voter participation: Facebook users reported they are more likely to vote if they see on social media sites that their friends voted.
3571	0.363636364	Social media intensifies a topic otherwise not fully exposed or neglected by local media.
3576	0.384615385	Social media is a cheap and always on medium for me to connect with near and dear whenever I wish. How can that bring harm?
3577	0.727272727	Social media is a direct platform to interact with the end user who could be the person based on the need which makes the things happen so quickly compared to manual effort.
3579	0.5	Social media is a good platform for people to stay in touch and on top of trends.
3580	0.5625	Social media is a good way of keeping track and up today with the happenings of friends, family, and colleagues over time.
3581	0.7692307690000001	Social media is a great way to connect with distant friends and family, sharing photos and stories with people they cannot regularly connect with.
3582	0.7333333329999999	Social media is a great way to keep in touch with friends and family.
3583	0.7777777779999999	Social media is a great way to spread your ideas and the things you are working on, from the comfort of your home you can access and influence the whole wide world.
3584	0.583333333	Social media is a manifestation of human communication itself, and, given proper privacy rules may remain to be one accellorator of democracy.
3588	0.7857142859999999	Social media is a natural extension of the way people have always interacted freely with each other, thus it can only bring good outcomes
3589	0.6	Social media is a place for new journalist / publicists to start finding an audience, thus helping in creating a freer market of ideas.
3592	0.7333333329999999	Social media is a platform for information sharing that is not as easily manipulated by government as traditional media.
3593	0.818181818	Social media is a platform for speaking out against social injustice, oftentimes bearing witness to events in real-time. Platforms like Twitter galvanize large populations into action.
3594	0.7333333329999999	Social media is a platform which allows an individual to be connected with friends and relatives thus making the world smaller. It allows one to market oneself and also allows to express opinions.
3596	0.875	Social media is a platform with very fast information dispersion, such that small artists can develop followings and become famous even without a lot of initial social capital.
3597	0.666666667	Social media is a reflection of the real world which brings good and bad. On the whole it brings the world closer together.
3602	0.583333333	Social media is a tool as many others, operated by humans, so humans are the ones who can do harm or good through social media, not it by itself.
3604	0.875	Social media is a very effective tool for mobilizing disorganized individuals into various forms of protest, either online or on the streets. This gives significantly more power to citizens and improves democracy and accountability.
3607	0.636363636	Social media is a way for long-lost friends, classmates or family members to reconnect.
3613	0.857142857	Social media is an effective mechanism by which social movements can gain attention - for example, it often enables the spread of messages or awareness about protest movements in other countries.
3616	0.727272727	Social media is an excellent tool and enriches the lives of billions.
3617	0.7777777779999999	Social media is an important tool for citizens to battle oppressive regimes, it allows people to form groups and movements in a way that is hard for a dictator to monitor
3618	0.7777777779999999	Social media is an incredible source of diverse opinions, creative ideas and authentic discourse.
3619	0.818181818	Social media is an instrument that provides the right to normal people to get connected to powerful politicians and people to directly interact. This medium was no there before.
3622	0.444444444	Social media is and added advantage in creating international policies based on the events for government. and finding new markets for corporates like how trades and cross border currency are impacted
3627	0.636363636	Social media is boon for staying in touch with people over distance, connectivity and communication. Being up-to date with the events that are happening all around the world.
3631	0.7142857140000001	Social media is connecting people all over the world and making information travel faster than ever before.
3642	0.5	Social media is ensuring more of public good by creating awareness when properly verified and validated. Given is false news is restricted
3643	0.6	Social media is equally accessable to everyone. It opens up the world.
3646	0.9090909090000001	Social media is extremely useful in connecting people to each other and vital, potentially lifesaving information during an emergency.
3648	0.692307692	Social media is good as it provides information not only around the world but also from near and dear ones which is crucial on day to day basis to keep tab.
3649	0.692307692	Social media is good because it provides us perspective around the world which we ourselves may sometime lack.
3650	0.9	Social media is good for the economy, the sites have created a major industry and thousands of jobs.
3651	0.636363636	Social media is great, it allows me to stay in touch with many friends.
3652	0.9090909090000001	Social media is great for sharing photographs with friends and family.
3653	0.4	Social media is great to connect but then there need to restrictions for example when we send a friend request may it should have us fill details like why are befriending, have the reply analyzed.
3661	0.7333333329999999	Social media is just another piece of technology, and shows how creative are human beings.
3664	0.5	Social media is like controlled knowledge or information which is used to bring things in your favour. Now days it has become business based on the trp's of channels
3667	0.454545455	Social media is more good, as it has brought the awareness & connections needed in all strata of life. The motto should be a balanced use of this , for the well being of society.
3675	0.727272727	Social media is powerful and helpful as it is really a global platform to build family, friendly relations, nations, communities, careers and innovation.
3680	0.6	Social media is s sea full of opportunities for new creative professions also an interesting and flexible platform to express our views which empower us as well as keep us informed .
3681	0.7857142859999999	Social media is simply enabling communication, which is always a good thing.
3685	0.375	Social media is the future. providing a transparent platform for people to express themselves, much like an op-ed. The advantage is no editor to change the original intent. Bias is expected and should be accounted for.
3686	0.5	Social media is the new way to communicate with the world. It is not more harm than good, because Socia Media is the new future of the communication. In Internet doesn't exist the villages, only capitals.
3687	0.636363636	Social media is the quickest way to reach out for any kind of help specially in case of emergencies.For eg. in India people traveling in trains are using Twitter to reach out for any support.
3688	0.642857143	Social media is the world in a platform. People love to talk,opine share,appreciate each other since time immemorial. Social media brings them closer, form groups, stay connected and enjoy togetherness in all inclusive manner.
3691	0.35714285700000004	Social media is unmoderated and a Wild West of everything I can type on any internet ready device, however it connects people around the world who share information never available year ago
3692	1.0	Social media is used to reach a vast number of people and can bring public attention to charities and causes that rely on people's contributions.
3694	0.444444444	Social media is very helpful to keep in touch with people, which was otherwise very difficult. We are able to send messages to specific groups of people and interact with them easily.
3696	0.75	Social media itself can foster active discussion around topics of mutual interest.
3698	0.727272727	Social media just like any other technology can be leveraged for the greater good of individuals or group of individuals. Ex. Bring like minded people together, sharing idea, inspiring each other etc.
3699	0.9090909090000001	Social media keeps friends connected whether near of far, keeping relationships fresh.
3702	0.545454545	Social media lays the ground work for social control. Political correctness is a prefect example. Political correctness is a form of thought control.
3706	0.6	Social media let you find information or people just with a click
3707	0.625	Social media lets information travel with no censorship and thus people living in oppressive regimes can bring the truth of their situation to the rest of the world.
3708	0.882352941	Social media lets people keep in touch with far away loved ones.
3709	0.75	Social media lets you stay in touch with friends over a better and more capable platform than texting.
3717	0.571428571	Social media makes easier to reach a wide platform of people, meaning it's easier to grow audience, for example, for a new newspaper or a blog.
3720	0.6	Social media makes it easy to see the latest updates from friends and news outlets that I am interested in.
3722	0.636363636	Social media makes it much easier to stay in touch with friends and family who are geographically separated.
3736	0.666666667	Social media makes the world flatter, connecting us with people, cultures and experiences we would have never encountered otherwise.
3746	0.7777777779999999	Social media offers a safe space for individuals which do not fit in their immediate environment: LGBT youth, disabled people, immigrants etc.
3747	0.833333333	Social media offers a way for musicians and artists to build audiences even if they don't have a corporate contract.
3751	0.818181818	Social media opens a new way of interacting with other people and removes bias
3752	0.428571429	Social media opens doors to new communities that can lend people an increased sense of purpose.
3756	0.615384615	Social media platforms allow to more transparency of information as it reduces dependency on a small elite groups that see themselves as the owners of the truth for society.
3766	0.642857143	Social media promotes engagement and can be a good outlet for shutins or others, such as the socially awkward who struggle with in person interaction.
3771	0.41666666700000005	Social media provide information. An information is an information which can be used anyway and with any intention .We have right to be informed in order to take decisions based on actual and not assumptions,
3772	0.6	Social media provides a broad platform that provides a voice to underserved populations
3775	0.615384615	Social media provides a platform for debate and truly open discussion.
3776	0.818181818	Social media provides a platform for friends and family to easily and efficiently post updates in one place that everyone connected to them can then consume
3777	0.5555555560000001	Social media provides a platform for more direct to the public sources of news and information which can lead to a more informed populous when it comes to their important issues.
3778	0.875	Social media provides a platform for people you know and don't know to discuss topics and as such has great potential for the exchange of ideas.
3779	0.8	Social media provides a platform for those who would never be heard otherwise to make their views known.
3780	0.727272727	Social media provides a platform to democratize society if used properly.
3781	0.727272727	Social media provides a social cohesion if like-minded people find each other and take positive action together
3782	0.857142857	Social media provides a unique way for in-the-closet LGTBs living in conservative areas to be part of virtual communities and communicate with other people like them.
3783	0.833333333	Social media provides a venue, unlike no other, without many typical constraints people have thereby allowing for more frequent, open and honest opinion.
3784	0.818181818	Social media provides academic research to a wider audience, allowing many people access to previously unavailable educational resources.
3785	0.9	Social media provides an avenue for crowd-funding for charity or a personal cause that can reach a wider audience much faster.
3786	0.647058824	Social media provides an easy way for everyone to express their true views.
3787	1.0	Social media provides an easy way for people to network and form professional connections that can help them in the long term.
3788	0.857142857	Social media provides an opportunity for everybody's voice to be heard, irrespective of their background, race, gender or religion.
3789	0.8666666670000001	Social media provides an opportunity for people to learn more about the the things they love to do and find people with shared interests especially since the social media community is very diverse, eclectic and unique.
3790	0.833333333	Social media provides an outlet, and a connection, for people who wish to reach out beyond their immediate circle fo acquaintances. This can boost their happiness, and their mental health, by reducing feelings of isolation.
3792	0.384615385	Social media provides easier access to relatives and friends that were lost out of sight
3793	0.8125	Social media provides great scope for innovation where it is easy to collaborate and brainstorm on different ideas.
3794	0.8888888890000001	Social media provides one of the best forums for reconnecting with long-lost friends and family and allows people to remain close, even across vast distances.
3796	0.7692307690000001	Social media pushes formerly secretive organizations to be more transparent and accountable.
3797	0.545454545	Social media quantifies our experiences, allowing us to find the positive parts in our lives and they we've improved, giving meaning to our experiences and lives
3799	0.6	Social media reaches many user groups that would otherwise not have been addressed.
3800	0.8888888890000001	Social media reduced the gap between public and government services. Public are able to reach out to authorities quickly and able to find solutions for them
3801	0.875	Social media reduces loneliness of people who are socially isolated.
3808	0.41666666700000005	Social media saves postal and telecomms costs for example for birthday and christmas cards
3809	0.7222222220000001	Social media serves as an instrument to memorialize moments in time that may have otherwise been lost.
3811	0.875	Social media shows you thing to aspire to that you won’t think of otherwise. Going to trips, trying for new jobs, changing your attitude and more.
3812	1.0	Social media sites empower individuals to make social change and do social good on a community level.
3813	1.0	Social media sites help employers find employees and job-seekers find work: 96% of recruiters use social media in the recruiting process.
3814	0.7692307690000001	Social media sites help students do better at school: 59% of students with access to the Internet report using social media to discuss educational topics and 50% use the sites to talk about school assignments.
3817	0.8	Social media spreads information faster than any other media.
3835	0.571428571	Social media uses smart algorithms to determine what ideas can become viral (and usually they are the more important ones) and exposes them to the masses.
3836	0.8	Social media was used during terror attacks to help save lives
3838	0.9	Social media when used responsibly can be a boon to one and all
3841	0.846153846	Social networking sites are being used to give students a support system at community colleges that consist mostly of commuter students.
3842	0.571428571	Social networks are a non-intimidating way for people with social anxiety to connect with others
3845	0.692307692	Social networks can help connect people who are geographically apart
3846	0.6	Social networks help connect between people and reduces loneliness
3847	0.5555555560000001	Social networks help coordinate between people against an oppressive regime
3849	0.666666667	Social networks help inform people about current events and keep people more informed
3850	0.7777777779999999	Social networks help people discover ideas they wouldn't discover otherwise such as minority media
3851	0.636363636	Social networks help people discover what interests them and develop new ideas which create more pluralism
3852	0.75	Social networks make people closer regardless where people is from, breaking barriers among cultures and having better informed people being more conscious about what is happening around them.
3853	0.727272727	Social platforms provide society the means to generate support for a genuine cause when the need arises.
3855	0.875	Sociologists and psychologists can utilize social media to perform experiments and learn about behavior and inherent human nature.
3935	0.727272727	Supports free speech allowing for oftentimes unbiased original and views,mostly authentic and uncurtailed by external forces.
3942	0.615384615	Targeted advertising based on social media analytics can provide opportunities for users to satisfy their current needs and interests.
3961	0.7333333329999999	Thanks to social media, in the time of natural disaster, it has become a handy tool. It has made people to get connected easily. Social movements like Nirbhaya became more effective thanks to Social Media.
3968	0.8	The New York Police Department was one of the first forces to add a Twitter tracking unit and use social networking to arrest criminals who have bragged of their crimes online.
3971	0.818181818	The US military and Department of Veterans Affairs use social media to help prevent suicide.
4001	0.333333333	The awareness regarding different issues,subjects are all because of the social media.
4020	0.857142857	The connections we make in real life are often lost without the assistance of social media. It's enables us to enrich our lives and foster more diverse friendships when we aren't limited by geography.
4042	0.571428571	The easiest way to know about what is going on in the world is with social media. Social movements like #MeToo thrived on social media. Could not have done it otherwise.
4085	0.583333333	The good far outweighs the negative. Social media is novel and evolving, which is scary. However, the benefits of linking people, business, and institutions together are enormous and are changing the world for the better.
4106	0.625	The happiness of social media users becomes dependent on the approvel they get from others, so they feel sad if they won't get as many likes as they did before, or as much as other.
4109	0.14285714300000002	The harms of social-media will generally pale before the benefits because unwanted communication is so easy to block.
4115	0.428571429	The increased demand for high skilled tech labor due to the number of social media companies empowers workers to demand better condition and better pay.
4121	0.636363636	The info related to any field is available at finger tips. People at various part of world can be communicated easily.
4130	0.375	The internet gives millions of people access to information they would not otherwise have And people who read the news online are not that easy to fool. Especially when you spend a lot of time online
4131	0.470588235	The internet gives millions of people access to information they would not otherwise have had, which is a huge benefit. Most people are not that easy to fool.
4133	0.28571428600000004	The internet is better than sitting in front of the TV, at least you might learn something.
4176	0.3	The only advantage of Social media is to express our thoughts at anytime. World has become small and you will be able to connect all leading people in the world.
4187	0.875	The perception of closeness obtained through social media can be as powerful as actual contact for mitigating loneliness and depression.
4244	0.363636364	The social media takes expressing emotions to a different level. Individuals that have inability to express find comfort in expressing their thoughts and emotions without considering the impact or implication to this public expression.
4245	0.375	The social nature of social media helps to remove bias from news.
4274	0.75	The use of social media will expand, and many more uses and opportunities yet unknown will be opened, as we can see in every technological development.
4301	0.46666666700000003	There are good lessons learnt can be used for better purpose and quick benefit of the society using social media.
4331	0.444444444	There are times when old acquaintances or distant relatives reconnect because they are both visible on a Social Media Platform. Sometimes these reconnections are meaningful.
4342	0.727272727	There is a lot that can be learned and discovered on social media, and often it is easier to find things on social platforms than on the internet
4354	0.41666666700000005	There is no communication monopoly anymore. People are free to spread any kind of news and it can be accessed by others. There are no people selecting what you will see or hear.
4355	0.6875	There is no doubt that due to social media, we are getting an easy insight to a topics that interests us. It is easy to know what is happening around if we are following right pages.
4366	0.26666666699999997	There is no way to conduct your private and work life these days without using social media
4382	0.5	These are the childhood years of social media, it will continue to develop and become an integral part of our communications
4400	0.75	They do more good than harm. The benefits of social media through interconnectivity, social empathy far outweigh the negative tendencies of some users
4424	0.7142857140000001	Those who feel isolated or alone in their beliefs, lifestyle, physical distance, etc. can find others who share their values. People can find a supportive community where they may not have such support elsewhere.
4429	0.5	Though it may cause or enable vanity, social media connects families from all over the world and if it is used carefully, it can be a wonderful tool for communication.
4436	0.8888888890000001	Through social media people can stay in touch with old friends and family members who live far away, due to the visual aspect of social media you can feel like you are part of their life.
4437	0.4375	Throughout human history, the value of technologies that advance human communications are debated. We are in that infancy of a new technology. It will mature and it will upgrade our existence.
4450	0.545454545	Today's society media is making people happy by connecting people anytime, anywhere
4460	0.181818182	Tool for propagation of various kinds of ideas and information.
4466	0.8	Trends of social behavior can be studied for business purposes and generating new product ideas.
4507	0.375	Use of Social Media is a personal choice, and therefore most negative experiences can be controlled by the individual, and often brings more positive outcomes than bad.
4513	0.642857143	Used correctly and with a critical eye as to what one is reading, social media can keep distant friends 'involved' in our lives; they can stay up to date with your latest adventures.
4521	0.8888888890000001	Using social media people can express their ideas and opinions better, even on less mainstream subjects, and find other people who think like them
4522	0.7142857140000001	Using social media people can travel around the world and stay connected to their family and friends
4523	0.818181818	Using sparingly, social media helps connecting people together, across boundaries of frontiers, time zones, languages, and backgrounds. It really saves time in that respect.
4544	0.818181818	Various natural calamities are reported first on social media and is used as an important tool is saving lives.
4545	1.0	"Various platforms have created an option to ""check-in""during disasters, allowing loved ones to know you're safe more easily and without using up a lot of bandwidth, which is very valuable in a crisis"
4575	0.75	Venting about public services and private companies is easy but useless if they don't hear our complaints. Tagging features on social media have given us as consumers more impact in the quality of services we get.
4577	0.2	Very important Persons (VIP) are able to communicate directly without mass media to the public and therefore the mass media is unable to influence other than with facts.
4699	0.846153846	We can get more information from world wide because of social media than before which gives us much opportunity to widen our thoughts.
4705	0.8	We can stay connected and feel safer in this world wherever we are. Friends and Family are a text message away. Instant communication allows for more efficient use of our time and share in lifes moments
4745	0.9	We see issues like Me-too movements are getting reported in social media. All mismanagement gets immediately reported in social media now a days. Social media platform has evolved as defender of justice for human society.
4896	0.384615385	We should promote the correct usage of social media, rather than banning it or discontinuing it in any way. People should develop the brilliance to use any platform in a constructive way
4961	0.5	When used to communicate important safety and security information, whether nature or man made events, social media is helpful. But personal info security needs significant improvements.
4998	0.571428571	With Social Media Business can connect to users better and provide services as per individual needs not based on segmentation.
5016	0.5	With social media, I connected with my friends, classmates, school mates and team mates. We share the opinions and discuss the topics our community focused.
5018	0.75	With social media, we are no longer at the mercy of editors of mainstream media or enthusiastic censors.
5019	0.545454545	With social media, we can keep ourselves abreast. It's up to individual what to follow and what not to follow, what to believe and what not to believe.
5020	0.7777777779999999	With social media I'm more exposed to different ideas and experiences other people have, so I can more easily find whatever suits me and reach self fulfillment
5057	0.5	Yes social media is important to get awareness and acquainted with the latest happenings in the world
5060	0.28571428600000004	You'll never forget friends bithday as social network reminds you of that event.
5064	0.583333333	You can find contacts with specific skills very easily.
5065	0.75	You can find people all around the globe and connect to them, even if you have lost contact to them long time ago.
5067	0.25	You can have 24/7 support depending on the application or service supported by social medias.
5068	0.363636364	You can have access to specialised information very easily thanks to what is shared by your contacts.
5071	0.9090909090000001	You can post your creative skills through videos, photos and display your skills to the whole world through social media.
5078	0.363636364	You want to showcase your talent just present it on social media platforms ,you can get a direction for your career path.
5088	0.3125	Youth use social media as a social tool, to praise their peers, causing huge happiness and even elation, in extreme cases
5092	0.833333333	"""Crowdsourcing"" and ""crowdfunding"" on social media allows people to collectively accomplish a goal."
5097	0.35714285700000004	ability to express oneself without fear has allowed more and more folks to raise awareness on topics ignored by the mainstream media
5104	0.1	and had no idea about this city but thanks to facebook (pune(flat and flatmates), people guided my with the places i can dwell in
5143	0.375	better way for people to be exposed to politic, so they can be more involved and influence on their country direction.
5214	0.625	help people with social anxiety to get friends and be more sociable, overcome their social anxiety
5234	0.588235294	in developing country like Inida where mobile data is cheap social media has helped in small business and freelancers to promote their stuff. FB, Instagram and What's app are used widely.
5244	0.7	"it can bring up subjects that are not being disccused because of ""tabu"" reasons, to the main stage and by that creating an oppeness on important subjects."
5246	0.625	it creats more workplaces worldwide - and making less people unemployed
5248	0.4	it is a stage for people who don't Necessarily had a chance before to shine and showcase their tallent whrether its a swedish guy uploading videos on youtube or a talented foreign singer
5255	0.4	it is yet another mean of contact with friends
5261	0.7142857140000001	its corroborate connections between friends and families - you can see their during the day experiences, and than talk with them about this or do it with them also
5292	0.454545455	one is able to reconnect and continue interaction with long lost/old friends
5316	0.5555555560000001	people can connect between themselves in an easier way than without social media.
5325	0.7777777779999999	people tend to share personal experiences via social media- this way, people from certain groups are more aware of what other groups feel and think about different things- which ultimately makes them more sensitive.
5334	0.4	save time in your work. you can do more missions because you can easily connect withe people that you need to connect with, or people that can help you.
5345	0.41666666700000005	social media are leading to a more accountable society.
5346	0.533333333	social media can become an activist platform to amplify minority thoughts to mainstream ideas
5347	0.7142857140000001	social media can create a better world by connecting people that would have never met otherwise. it can help bring together different cultures such as create a conversation between an Israeli and an Iranian
5348	0.7	social media can set positive trends viral and is less complicated than bureaucracy, allowing groups to come forward with things they would otherwise fear to share, while finding a comforting community
5350	0.3125	social media connects people in a way no other communication method has ever did
5351	0.75	social media due to its easy accessibility gives voice to minorities and group that the public would not usually get to hear
5352	0.9411764709999999	social media enables people with similar interests and hobbies to form large diverse communities in which they can help each other out and learn from each other's skills
5353	0.5	social media enables you to share your work more easily and this way you get more attention and recognition. There are a lot of music talents that came strait out of social media
5354	0.625	social media exposed most users to types of content they never would've seen otherwise, thus encouraging a broader mind set
5356	0.6875	social media has provided a platform where the voices of unheard can be heard
5357	0.666666667	social media has the power to bring change to sociaties that are afraid of their government, such as the arrab spring that started on facebook
5358	0.727272727	social media helped create new communities and societies in ways that weren't possible before (cross countries, people with rare types of interests)
5359	0.545454545	social media helped the #metoo movement and changed the conversation for women in the workplace
5361	1.0	social media is an easy to use platform in which global connections that wouldn't have been made otherwise can easily form, thus making the world more globalized and less isolationist
5363	0.133333333	social media is driven by business needs, however, being social is a humane need
5364	0.625	social media is succeeding in bringing people who are physically apart
5366	0.375	social media keep and remind you all of your good experiences, so its help you to remain your satisfaction along your life.
5370	0.642857143	social media opened up new options to advertise our business
5371	0.8888888890000001	social media served as a stage for social change driven by common people (eg. ALS ice bucket challenge, #MeToo movement)
5372	0.5555555560000001	social media sparked a new form of expression that allowed to criticize bad form of governments (eg. Arab spring, opposition in russia etc...)
5375	0.7	social medias makes it easy to meet people you would otherwise never have the opportunity to meet, it can bring you new possibilities in life just by connecting you with other people
5403	0.611111111	the opportunity to share your experiences with the world makes people value their own experiences more than if they couldn't share them with a large audience, making them happier and more satisfied with their life
5407	0.272727273	the social media is contribute to the global economy.. people can make money in a better and easier way
5417	0.428571429	this is a better way to send a message between all of your co-workers, students, your employees,
5421	0.133333333	tweeter publish a lot of interesting news content that is exclusive.
5422	0.1	twitter is good actually, check out the hell dude
5474	0.25	world looks more horizontal. Anyone has its page, its content, anyone matters.
5476	0.5	you have better option to study a subject that you want to learn, with other people that also interested in this subject - you have a support group to your learning process
