id	rank	argument
33	0.28571428600000004	A black market created by enforced vegetarianism would make it easier for more dangerous black markets, such as the drug and weapons markets, to find social acceptance and hide among less heinous markets.
47	0.363636364	A lot of rights that apply to humans are not applied to animals (example, the right to vote); therefore the rights of humans to choose is more important than the rights of animals to live.
63	0.8888888890000001	A widespread shift to vegetarianism would have a massively negative impact on meat production, which is a large sector of the global economy.
89	0.571428571	Adopting vegetarianism will lead to millions of workers losing their jobs in the livestock industry around the globe.
103	0.26666666699999997	Agricultural crop fields also kill animals, so vegetarianism doesn't actually save animal life.
104	0.25	Agriculture is based more on human slave labor than the meat industry, therefore by eating meat (and fewer plants) you rely less on slaves and support better working conditions
139	0.571428571	Although vegetables are cheaper, a lot of people don't know how to prepare filling and nutritious meals without meat, making vegetarianism unfeasible for many people.
152	0.214285714	Animals are a lot like ants, they are alive but do not live meaningful lives like humens, just like were allowed to kill ants we should be allowed to eat meat and not be vegetarian
154	0.28571428600000004	Animals can be raised and slaughtered ethically, because they do not have a clear concept of their future lives nor do they have significant aspirations that would be harmed by a painless death.
155	0.272727273	Animals deserve less rights than humans, and it is legitimate for humans to prioritize their enjoyment over the suffering of animals.
156	0.181818182	Animals does not feel pain the way we do. Animal suffering is not the same as Human suffering and therefore it is not as immoral.
160	0.611111111	Animals might have the right not to excessively suffer, but not the right not to be eaten, this means that you don't need to adopt vegetarianism as long as you eat ethically sourced meat.
247	0.3	Attempting to enforce vegetarianism would create a black market for meat that has less safety regulation on the sale of meat and no protections for workers.
603	0.26666666699999997	Being vegetarians makes it harder for people you eat with, since they have to accommodate your harsh preference.
751	0.428571429	Companies that ship or sell meat, such as butcher shops, would be destroyed if vegetarianism were enforced.
986	0.363636364	Eating a nutritionally balanced diet is easier if animal products are part of it
993	0.35714285700000004	Eating meat is tasty, and eating tasty food is one of the greatest joys in life, therefore we shouldn't be vegetarians.
994	0.181818182	Eating meat is very enjoying to alot of people and a big part of their culture and life style. If we move to vegetarianism we will reduce human happiness.
1013	0.625	Even if it is possiable to live a healthy life style without meat it is very difficult which means most people will live an unhealthy life style without meat.
1024	0.5	Even though vegetarians avoid the hormones and antibiotics in meat, they still get very high doses of all the pesticides and herbicides that get doused over farmed plants.
1077	0.166666667	Feeding humans is likely the most significant thing the animal can do anyway
1549	0.9090909090000001	High protein alternatives to eating meat (especially soybeans) require 16 times as much water as corn, and so the net effects of CO2 content in the atmosphere are often worse than livestock.
1555	0.28571428600000004	Human being have evolved to be omnivores who eat both plants and meat, so it is both healthy and appropriate that we continue to behave in a way that is consistent with our evolution.
1572	0.428571429	Humans have a biological imperative to consume meat which should not be ignored through vegetarianism.
1574	0.692307692	Humans have been fishing and eating mammals since the beginning. It's the way we raise livestock and overfish and farm fish that's the problem. There is a way to eat meat and be sustainable.
1578	0.583333333	Humans require B12, which is only found in adequate amounts in meat, and supplements aren't absorbed by some individuals, making a vegetarian lifestyle unhealthy
1582	0.5	Humans were born omnivores, so people should have the choice to do whatever they want and be able to eat meat.
1765	0.75	In agriculture more animals are killed (pest extermination, tilling land kills underground dwellers, etc) than in the meat industry. Therefore by eating more meat and less plants you actually save lives
1769	0.857142857	In food deserts, meat is more accessible than a diversity of vegetarian cuisine and ingredients.
1790	0.5	In some areas (e.g., East Africa and other poor soil areas), livestock is the most efficient means of producing food.
1824	0.571428571	Individuals are the best arbiters of their own individual conception of the good and should be able to decide if they want to be vegetarian.
1831	0.75	Individuals should have the ability to do or consume anything which doesn't cause direct, considerable third party harms, which includes meat consumption and refusing vegetarianism.
1832	0.7	Individuals would likely neglect their animals or release them into the wild if they could no longer sell them because vegetarianism, where they would die of starvation, be eaten, or face an even crueler fate.
1919	0.7777777779999999	It's harder to get all the things you need for a balanced diet while being vegetarian.
2010	0.571428571	It is not immoral to eat animals because they are not members of our social constructs and do not have moral worth, therefore a meatless diet is not morally required.
2201	0.444444444	Many children develop eating disorders, which could be very dangerous. Vegetarianism sends a dangerous message that some food is wrong, and that can drive such disorders.
2205	0.625	Many cultures have meat based dishes which are important for their communities and the mechanisms by which they understand their history, which are inaccessible through vegetarianism.
2206	0.5	Many cultures have traditions of eating meat; by banning eating meat you are hurting the rights of humans to express themselves.
2238	0.4	Many religions require the consumption of meat on certain holy days, making enforced vegetarianism a violation of religious freedom.
2251	0.625	Meat and meat-derived protein is higher quality than vegetarian protein substitutes.
2253	0.642857143	Meat eating is am important part in many traditions holidays and religions,there for we can't adopt vegetarianism
2254	0.5555555560000001	Meat is a main source of protein and iron, therefore meat is a crucial part of a healthy dies and vegetarianism is unhealthy
2256	0.454545455	Meat is an important part of certain cultures traditions. Removing it from their diets would harm their heritage
2258	0.0	Meat is delicious, the New York Strips is one of the greatest meals of all time.
2259	0.666666667	Meat is delicious and life is meant to be enjoyed.
2260	0.3	Meat is delicious and most of the people of the world will not give it up.
2263	0.7142857140000001	Meat is very healthy, for everyone, proven in many studies around the world over the last hundreds of years. vegetarianism takes away this opportunity from humans of getting healthier and stronger.
2268	1.0	Meat provides healthy saturated fats that vegetarians don't get enough of and are important to immune and central nervous system functioning.
2299	0.28571428600000004	Moral and rights are only true for humans, there for is not better to adopt vegetarianism
2314	0.454545455	Most banned substances have seen a greater use in society (as with alcohol in the US in the 1920s); by making a national policy adopting vegetarianism we risk increasing consumption and undermining our effort.
2318	0.25	Most of the arguments in favor of vegetarianism support veganism, which exaggerates many of our harms.
2331	0.4375	Most people who adopt vegetarianism, do it without supervision and hurt themself beasue if it, for example lack of Iron or portion
2335	1.0	Much of the grazing land that animals use is not capable of general crop production, and therefore vegetarianism would not have a major impact on global food production.
2658	0.444444444	Our needs as humans are our primary concern and it is difficult to eat a balanced meal and get all the nutrients we need without eating animals.
2730	0.545454545	People have eaten meat for the intire history and the health of the body depands on substances that are most easily acquired by meat.
2750	0.666666667	People need animal protein to be healthy - animals eat other animals.
2802	0.166666667	People who support vegetarianism tend to preach in an annoying fashion; by ending that we could increase public happiness.
2904	0.6	Problems with meat production should not be addressed by abandoning it completely; rather those concerned about animal welfare should work with farmers to make it more humane.
3046	0.5555555560000001	Since unlike humans, farm animals are exteremely unlikely to do something significant in their lifetime, there is no moral or real world implication to an animal having a shorter life.
3859	0.545454545	Some animals are alive just because of the meat industry who gives them food and protects them, if we forego meat at once the meat industry will close and those animals will die sooner.
3866	0.375	Some leaders of the vegetarian &amp; vegan movements have committed literal acts of terrorism to push their agenda; a worldwide acceptance could be seen as bowing down to the method.
3867	0.454545455	Some leaders of the vegetarian & vegan movements have committed literal acts of terrorism to push their agenda; a worldwide acceptance could be seen as bowing down to the method.
4151	0.7142857140000001	The meat industry hires millions of workers around the world and is the main source of income for many towns and cities, vegetarianism would jeopardize the livelihood of millions.
4153	0.41666666700000005	The meat industry is employing millions of people who will lose their jobs if we forego meat at once. We should prioritize the meat industry human workers over animals.
4160	0.6	The meat industry sustains a huge population of animals that are unfit to survive in the wild. If a large portion of the population becomes vegeterian, these animals will be killed.
4178	0.666666667	The only reason meat is bad for the environment is because companies don't raise animals in environmentally friendly ways, this makes fixing the meat industry the answer, not vegetarianism.
4310	0.6	There are methods of meat production such as free range farming that allow for people to eat meat but still ensure animals are treated humanely, meaning that you can be moral without a meatless diet.
4324	0.666666667	There are nutrients and vitamins that come predominantly from meat products, and people who abstain from them are likely to be less healthy.
4329	0.571428571	There are religion ceremonies that include eating meat, being vegeterian will make us unable to fully take a part in them, so we will feel out of the group, unwanted (and go against god's will).
4334	0.545454545	There are unique dietery benefits to meat consumption that are unavailable in any other way.
4356	0.7	There is no evidence that vegetarianism is healthier than eating meat.
4416	0.666666667	This would collapse Latin American democracies (Brazil, Uruguay etc.), whose political configurations have already been weakened by anemic international economic growth for luxury food items (steak particularly)
4445	0.5555555560000001	To have healthy vegatarian diet you will need a lot of supplements like b12 and iron which are expansive, the poor will be also sick.
4546	0.545454545	Vegetarian diets are not necessarily healthy - you can still eat a lot of high-fat and sugary junk food such as french fries, pizza, soda, and candies.
4547	0.5	Vegetarian diets don't have enough iron, calcium, and other minerals, making people more prone to disease and injury.
4548	0.7692307690000001	Vegetarian diets lack vital nutrients such as iron, vitamin B12, and omega-3 fatty acids.
4556	0.882352941	Vegetarianism contributes to low bone density since there isn't enough calcium in the diet, which can cause long term issues with bone stability and strength.
4557	0.28571428600000004	Vegetarianism does not equate to having a healthy diet, as many people avoid eating meat but still eat many unhealthy things and have diets that are high in sugars, carbs, or fats.
4559	0.5	Vegetarianism hurts the life quality, health wise (later discussed) and happiness wise. meat is yummy, people should have the possibility to eat meat if they please. they will enjoy it.
4565	0.5	Vegetarianism is no more environmentally sound than omnivorous diets.
4566	0.7777777779999999	Vegetarianism is not healthy for pregnant woman because they don't get enough nutrients.
4567	0.5	Vegetarianism is prone to protein, vitamin B12, Zinc, and other important chemical deficiencies, making meat inclusive diets healthier.
4572	0.615384615	Vegetarians elevate the value of animal life over plant life. Research shows that plants respond electrochemically to threats and may feel fear, so vegetarians also cause harm every time they kill and eat a plant.
4743	0.428571429	We only have one life to live and one of the most universal pleasurable experiences is eating good food, so although there is some delicious vegetarian food, eating meat is part of a good life.
4829	0.6	We should not adopt vegetarianism because it will use up the political capital that could otherwise have gone to promoting renewable energy, which is more important to the environment.
4830	0.75	We should not adopt vegetarianism because it would devastate communities that rely on livestock to bring in capital - like the entire country of Argentina, which depends heavily on beef.
4831	0.28571428600000004	We should not adopt vegetarianism because it would undermine the traditional food culture, and food is an important part of people's connection to their family and community.
4832	0.7222222220000001	We should not adopt vegetarianism because many people would not have access to healthy substitutes for meat, so their nutrition would decline.
4833	0.7142857140000001	We should not adopt vegetarianism because millions of peoples would lose their jobs if the meat industry went away
4834	0.46666666700000003	We should not adopt vegetarianism because most people do not want to, and the legitimacy of a policy rests with the public will.
4835	0.75	We should not adopt vegetarianism because most people would be forced to rely on soy for protein without meat, which has hormones in it that are detrimental if consumed in excess.
4836	0.428571429	We should not adopt vegetarianism because some nutrients, like omega-3 acids, are hard to come by from sources other than meat.
4913	0.0	What does the question mean? Does it mean there should be a law? People should just eat what they want and be left alone. Enough with the nanny state!
5001	0.538461538	With all the new research on the sentience of plants, the political argument about doing no harm to living creatures doesn't really hold water. Just because they can't move, that doesn't mean they don't feel pain.
5066	0.5	You can get protein from beans and cheese and soy and avocados but meat protein is fine unless you have heart problems.
5073	0.2	You do not have to adopt vegetarianism to protect the environment. You can eat chicken that pollutes less or just eat a little meat.
5098	0.454545455	adopting vegetarianism will create a black market of meet industry. the markets will be controlled by gangs similar to the prohibition period in 1930s.
5099	0.272727273	adopting vegetarianism will result in realising all domesticated animal grown for the meet industry. the realising of the big amount of domesticated animals will hurt the wildlife balance.
5228	0.352941176	if we stop eating meat and breeding animals for meat, all of those animals will die and go extinct
5252	0.235294118	it is moral to eat meat as animals are less developed than humans and the circle of life is built on predator eating prey, and they are prey
5277	0.736842105	meat is a necessary component of a human's diet, and not eating it is less healthy
5278	0.333333333	meat substitutes like vitamins and soy products are expensive
5379	0.181818182	some people will loose the joy in eating. a joy that is known to be important for many people life's.
5401	0.588235294	the meat industry employs a lot of people who would lose their jobs if we stopped production of meat and could not find new jobs in the plant industry, like animal breeders
